Joueur,Nation,Pos,Équipe,Âge,Naissance,MJ,Titulaire,Min,90,Buts,PD,B+PD,B-PénM,PénM,PénT,CJ,CR,xG,npxG,xAG,npxG+xAG,PrgC,PrgP,PrgR,Buts/90,PD/90,B+PD/90,B-PénM/90,B+PD-PénM/90,xG/90,xAG/90,xG+xAG/90,npxG/90,npxG+xAG/90
Keyliane Abdallah,FRA,AT,Marseille,18-193,2006,1,0,3,0.0,0,0,0,0,0,0,0,0,0.0,0.0,0.0,0.0,1,0,0,0.00,0.00,0.00,0.00,0.00,0.00,0.00,0.00,0.00,0.00
Yunis Abdelhamid,MAR,DF,Saint-Étienne,37-017,1987,5,5,450,5.0,0,0,0,0,0,0,0,0,0.2,0.2,0.0,0.3,2,10,3,0.00,0.00,0.00,0.00,0.00,0.05,0.01,0.05,0.05,0.05
Himad Abdelli,ALG,"MT,AT",Angers,24-333,1999,7,7,619,6.9,2,0,2,0,2,2,0,0,1.9,0.3,1.0,1.3,28,47,32,0.29,0.00,0.29,0.00,0.00,0.27,0.15,0.42,0.04,0.19
Mohamed Abdelmoneim,EGY,DF,Nice,25-257,1999,3,2,158,1.8,0,0,0,0,0,0,1,0,0.0,0.0,0.0,0.0,1,6,0,0.00,0.00,0.00,0.00,0.00,0.00,0.00,0.00,0.00,0.00
Ali Abdi,TUN,"DF,MT",Nice,30-300,1993,4,2,222,2.5,1,0,1,1,0,0,1,0,0.5,0.5,0.5,1.1,3,4,13,0.41,0.00,0.41,0.41,0.41,0.22,0.22,0.44,0.22,0.44
Matthis Abline,FRA,AT,Nantes,21-201,2003,7,7,556,6.2,1,0,1,1,0,0,1,0,1.3,1.3,0.6,2.0,16,17,43,0.16,0.00,0.16,0.16,0.16,0.22,0.10,0.32,0.22,0.32
Abner,BRA,DF,Lyon,24-141,2000,7,6,465,5.2,0,0,0,0,0,0,1,0,0.1,0.1,0.4,0.5,13,20,34,0.00,0.00,0.00,0.00,0.00,0.03,0.07,0.10,0.03,0.10
Zakaria Aboukhlal,MAR,"MT,AT",Toulouse,24-240,2000,7,6,476,5.3,1,0,1,1,0,1,0,0,3.3,2.5,0.1,2.6,8,6,39,0.19,0.00,0.19,0.19,0.19,0.62,0.02,0.64,0.47,0.49
Akor Adams,NGA,AT,Montpellier,24-260,2000,7,6,551,6.1,3,1,4,3,0,0,2,0,2.9,2.9,0.6,3.4,4,3,25,0.49,0.16,0.65,0.49,0.65,0.47,0.09,0.56,0.47,0.56
Martin Adeline,FRA,MT,Reims,20-318,2003,1,0,26,0.3,0,0,0,0,0,0,0,0,0.0,0.0,0.0,0.0,1,0,1,0.00,0.00,0.00,0.00,0.00,0.00,0.00,0.00,0.00,0.00
Adryelson,BRA,DF,Lyon,26-206,1998,1,0,1,0.0,0,0,0,0,0,0,1,0,0.0,0.0,0.0,0.0,0,1,0,0.00,0.00,0.00,0.00,0.00,0.00,0.00,0.00,0.00,0.00
Emmanuel Agbadou,CIV,DF,Reims,27-120,1997,7,7,630,7.0,0,0,0,0,0,0,0,0,0.4,0.4,0.1,0.5,4,34,0,0.00,0.00,0.00,0.00,0.00,0.06,0.02,0.07,0.06,0.07
Ruben Aguilar,FRA,DF,Lens,31-172,1993,5,3,270,3.0,0,1,1,0,0,0,1,0,0.2,0.2,0.7,0.8,2,14,28,0.00,0.33,0.33,0.00,0.33,0.05,0.23,0.28,0.05,0.28
Jean-Eudes Aholou,CIV,MT,Angers,30-209,1994,6,6,463,5.1,0,0,0,0,0,0,1,0,0.7,0.7,0.2,0.9,7,22,6,0.00,0.00,0.00,0.00,0.00,0.13,0.04,0.17,0.13,0.17
Ayman Aiki,FRA,"AT,MT",Saint-Étienne,19-112,2005,3,1,87,1.0,0,0,0,0,0,0,0,0,0.1,0.1,0.0,0.1,2,4,6,0.00,0.00,0.00,0.00,0.00,0.06,0.00,0.06,0.06,0.06
Ludovic Ajorque,FRA,AT,Brest,30-233,1994,7,6,491,5.5,2,0,2,2,0,0,1,0,1.2,1.2,0.3,1.5,1,6,24,0.37,0.00,0.37,0.37,0.37,0.23,0.05,0.28,0.23,0.28
Ümit Akdag,ROU,DF,Toulouse,21-009,2003,1,1,85,0.9,0,0,0,0,0,0,0,0,0.0,0.0,0.0,0.0,0,9,0,0.00,0.00,0.00,0.00,0.00,0.00,0.00,0.00,0.00,0.00
Sergio Akieme,ESP,DF,Reims,26-304,1997,4,4,360,4.0,1,0,1,1,0,0,0,0,0.2,0.2,0.0,0.2,10,8,7,0.25,0.00,0.25,0.25,0.25,0.04,0.01,0.05,0.04,0.05
Maghnes Akliouche,FRA,"AT,MT",Monaco,22-233,2002,6,4,380,4.2,0,1,1,0,0,0,0,0,1.0,1.0,0.8,1.8,17,29,32,0.00,0.24,0.24,0.00,0.24,0.23,0.18,0.42,0.23,0.42
Clément Akpa,CIV,DF,Auxerre,22-326,2001,6,5,431,4.8,0,0,0,0,0,0,1,0,0.1,0.1,0.3,0.4,15,26,23,0.00,0.00,0.00,0.00,0.00,0.02,0.07,0.08,0.02,0.08
Mohamed Ali Cho,FRA,AT,Nice,20-270,2004,6,6,428,4.8,2,0,2,2,0,0,0,0,1.2,1.2,0.7,1.9,13,9,37,0.42,0.00,0.42,0.42,0.42,0.25,0.15,0.40,0.25,0.40
Jim Allevinah,GAB,AT,Angers,29-231,1995,4,3,223,2.5,0,0,0,0,0,0,1,0,0.2,0.2,0.0,0.2,2,13,18,0.00,0.00,0.00,0.00,0.00,0.08,0.01,0.10,0.08,0.10
Jordan Amavi,FRA,DF,Brest,30-220,1994,5,4,344,3.8,0,0,0,0,0,0,2,0,0.0,0.0,0.1,0.1,9,13,3,0.00,0.00,0.00,0.00,0.00,0.00,0.02,0.02,0.00,0.02
Kelvin Amian,FRA,DF,Nantes,26-250,1998,6,5,467,5.2,0,0,0,0,0,0,1,0,0.0,0.0,0.2,0.3,13,22,20,0.00,0.00,0.00,0.00,0.00,0.00,0.05,0.05,0.00,0.05
Michael Amir Murillo,PAN,DF,Marseille,28-247,1996,7,7,627,7.0,0,0,0,0,0,0,0,0,0.1,0.1,0.3,0.4,6,25,20,0.00,0.00,0.00,0.00,0.00,0.02,0.04,0.06,0.02,0.06
Mathis Amougou,FRA,MT,Saint-Étienne,18-271,2006,7,7,537,6.0,0,0,0,0,0,0,1,0,0.2,0.2,0.1,0.3,4,26,4,0.00,0.00,0.00,0.00,0.00,0.04,0.01,0.05,0.04,0.05
Benjamin André,FRA,MT,Lille,34-073,1990,6,6,532,5.9,0,0,0,0,0,0,3,0,0.2,0.2,0.3,0.5,5,49,9,0.00,0.00,0.00,0.00,0.00,0.04,0.05,0.09,0.04,0.09
Dennis Appiah,FRA,DF,Saint-Étienne,32-128,1992,6,4,437,4.9,0,0,0,0,0,0,0,0,0.0,0.0,0.3,0.4,10,24,14,0.00,0.00,0.00,0.00,0.00,0.00,0.07,0.07,0.00,0.07
Carlens Arcus,HAI,DF,Angers,28-109,1996,7,6,478,5.3,0,0,0,0,0,0,0,0,0.0,0.0,0.2,0.2,8,12,14,0.00,0.00,0.00,0.00,0.00,0.00,0.05,0.05,0.00,0.05
Hákon Arnar Haraldsson,ISL,MT,Lille,21-188,2003,3,2,168,1.9,0,1,1,0,0,0,0,0,0.5,0.5,0.2,0.6,8,18,12,0.00,0.54,0.54,0.00,0.54,0.25,0.08,0.33,0.25,0.33
Marco Asensio,ESP,"AT,MT",Paris S-G,28-268,1996,5,4,278,3.1,1,2,3,1,0,0,0,0,2.5,2.5,1.3,3.9,10,15,23,0.32,0.65,0.97,0.32,0.97,0.82,0.42,1.25,0.82,1.25
Lorenz Assignon,TOG,"DF,MT",Rennes,24-115,2000,7,5,406,4.5,0,1,1,0,0,0,3,0,0.0,0.0,0.1,0.1,12,19,26,0.00,0.22,0.22,0.00,0.22,0.01,0.02,0.03,0.01,0.03
Dehmaine Assoumani,FRA,"MT,AT",Nantes,19-181,2005,4,0,33,0.4,0,0,0,0,0,0,0,0,0.0,0.0,0.3,0.3,2,0,10,0.00,0.00,0.00,0.00,0.00,0.11,0.77,0.89,0.11,0.89
Valentin Atangana Edoa,FRA,MT,Reims,19-051,2005,7,7,597,6.6,0,0,0,0,0,0,1,0,0.1,0.1,0.1,0.2,5,27,5,0.00,0.00,0.00,0.00,0.00,0.02,0.01,0.03,0.02,0.03
Florian Ayé,FRA,AT,Auxerre,27-270,1997,6,1,152,1.7,0,0,0,0,0,0,0,0,0.3,0.3,0.0,0.3,1,2,10,0.00,0.00,0.00,0.00,0.00,0.16,0.00,0.16,0.16,0.16
Neil El Aynaoui,FRA,MT,Lens,23-105,2001,1,0,6,0.1,0,0,0,0,0,0,0,0,0.0,0.0,0.0,0.0,0,0,0,0.00,0.00,0.00,0.00,0.00,0.00,0.00,0.00,0.00,0.00
Shavy Babicka,GAB,MT,Toulouse,24-136,2000,6,2,268,3.0,3,0,3,3,0,0,1,0,1.4,1.4,0.0,1.5,3,4,28,1.01,0.00,1.01,1.01,1.01,0.48,0.01,0.49,0.48,0.49
Theo Bair,CAN,AT,Auxerre,25-049,1999,6,3,220,2.4,1,0,1,1,0,0,0,0,0.6,0.6,0.2,0.9,1,2,9,0.41,0.00,0.41,0.41,0.41,0.26,0.09,0.35,0.26,0.35
Mitchel Bakker,NED,DF,Lille,24-117,2000,4,0,74,0.8,1,0,1,1,0,0,0,0,1.3,1.3,0.0,1.4,2,5,12,1.22,0.00,1.22,1.22,1.22,1.61,0.06,1.67,1.61,1.67
Dilane Bakwa,FRA,"AT,MT",Strasbourg,22-050,2002,7,7,616,6.8,0,2,2,0,0,0,0,0,1.0,1.0,2.0,3.0,20,19,37,0.00,0.29,0.29,0.00,0.29,0.15,0.29,0.44,0.15,0.44
Leonardo Balerdi,ARG,DF,Marseille,25-263,1999,4,4,274,3.0,0,0,0,0,0,0,3,1,0.0,0.0,0.0,0.0,1,14,0,0.00,0.00,0.00,0.00,0.00,0.01,0.00,0.01,0.01,0.01
Folarin Balogun,USA,AT,Monaco,23-104,2001,6,5,402,4.5,3,0,3,3,0,0,0,0,3.7,3.7,0.6,4.3,12,8,50,0.67,0.00,0.67,0.67,0.67,0.83,0.14,0.97,0.83,0.97
Abdoulaye Bamba,CIV,DF,Angers,34-173,1990,3,3,242,2.7,0,0,0,0,0,0,1,0,0.0,0.0,0.1,0.1,0,6,0,0.00,0.00,0.00,0.00,0.00,0.00,0.03,0.03,0.00,0.03
Bradley Barcola,FRA,AT,Paris S-G,22-043,2002,7,6,464,5.2,6,0,6,6,0,0,0,0,3.6,3.6,1.1,4.7,30,14,69,1.16,0.00,1.16,1.16,1.16,0.71,0.21,0.92,0.71,0.92
Melvin Bard,FRA,"MT,DF",Nice,23-344,2000,4,4,332,3.7,0,0,0,0,0,0,1,0,0.1,0.1,0.0,0.1,6,14,10,0.00,0.00,0.00,0.00,0.00,0.02,0.01,0.02,0.02,0.02
Gabriel Bares,SUI,MT,Montpellier,24-047,2000,2,0,31,0.3,0,0,0,0,0,0,0,0,0.0,0.0,0.0,0.0,0,0,0,0.00,0.00,0.00,0.00,0.00,0.00,0.00,0.00,0.00,0.00
Dylan Batubinsika,COD,DF,Saint-Étienne,28-243,1996,7,7,630,7.0,0,0,0,0,0,0,1,0,0.3,0.3,0.0,0.3,2,13,1,0.00,0.00,0.00,0.00,0.00,0.04,0.00,0.04,0.04,0.04
Haris Belkebla,ALG,MT,Angers,30-261,1994,4,4,349,3.9,0,0,0,0,0,0,0,0,0.0,0.0,0.0,0.1,1,15,4,0.00,0.00,0.00,0.00,0.00,0.00,0.01,0.01,0.00,0.01
Yassin Belkhdim,FRA,MT,Angers,22-244,2002,7,3,284,3.2,0,0,0,0,0,0,1,0,0.1,0.1,0.0,0.2,6,6,11,0.00,0.00,0.00,0.00,0.00,0.05,0.01,0.05,0.05,0.05
Eliesse Ben Seghir,MAR,"MT,AT",Monaco,19-242,2005,7,6,463,5.1,2,2,4,2,0,0,0,0,1.0,1.0,2.2,3.1,34,34,44,0.39,0.39,0.78,0.39,0.78,0.19,0.42,0.61,0.19,0.61
Saïd Benrahma,ALG,"AT,MT",Lyon,29-066,1995,4,4,342,3.8,0,1,1,0,0,0,0,0,0.1,0.1,1.0,1.1,21,15,52,0.00,0.26,0.26,0.00,0.26,0.04,0.25,0.29,0.04,0.29
Lucas Beraldo,BRA,DF,Paris S-G,20-326,2003,5,5,442,4.9,0,0,0,0,0,0,2,0,0.0,0.0,0.1,0.1,3,23,0,0.00,0.00,0.00,0.00,0.00,0.00,0.02,0.02,0.00,0.02
Dimitry Bertaud,COD,GB,Montpellier,26-131,1998,3,3,270,3.0,0,0,0,0,0,0,0,0,0.0,0.0,0.0,0.0,0,0,0,0.00,0.00,0.00,0.00,0.00,0.00,0.00,0.00,0.00,0.00
Emmanuel Biumla,FRA,DF,Angers,19-160,2005,5,4,373,4.1,0,0,0,0,0,0,0,0,0.0,0.0,0.0,0.0,0,3,0,0.00,0.00,0.00,0.00,0.00,0.00,0.00,0.00,0.00,0.00
Marco Bizot,NED,GB,Brest,33-219,1991,7,7,630,7.0,0,0,0,0,0,0,0,0,0.0,0.0,0.0,0.0,0,0,0,0.00,0.00,0.00,0.00,0.00,0.00,0.00,0.00,0.00,0.00
Ludovic Blas,FRA,"AT,MT",Rennes,26-289,1997,7,7,594,6.6,3,2,5,3,0,0,2,0,1.8,1.8,1.0,2.8,21,28,52,0.45,0.30,0.76,0.45,0.76,0.27,0.16,0.43,0.27,0.43
Augustine Boakye,GHA,"MT,AT",Saint-Étienne,23-347,2000,3,0,54,0.6,0,0,0,0,0,0,0,0,0.0,0.0,0.0,0.0,3,1,2,0.00,0.00,0.00,0.00,0.00,0.07,0.00,0.07,0.07,0.07
Jeremie Boga,CIV,"MT,AT",Nice,27-286,1997,4,3,247,2.7,0,1,1,0,0,0,0,0,0.3,0.3,0.4,0.7,15,7,16,0.00,0.36,0.36,0.00,0.36,0.13,0.14,0.27,0.13,0.27
Moïse Bombito,CAN,DF,Nice,24-199,2000,5,5,424,4.7,0,0,0,0,0,0,2,1,0.0,0.0,0.0,0.0,1,14,1,0.00,0.00,0.00,0.00,0.00,0.00,0.00,0.00,0.00,0.00
Ayyoub Bouaddi,FRA,MT,Lille,17-013,2007,6,1,139,1.5,0,1,1,0,0,0,0,0,0.0,0.0,0.5,0.5,1,6,2,0.00,0.65,0.65,0.00,0.65,0.00,0.34,0.34,0.00,0.34
Badredine Bouanani,ALG,"AT,MT",Nice,19-312,2004,7,2,260,2.9,0,0,0,0,0,0,1,0,0.7,0.7,0.3,1.0,10,10,20,0.00,0.00,0.00,0.00,0.00,0.25,0.10,0.35,0.25,0.35
Benjamin Bouchouari,MAR,MT,Saint-Étienne,22-337,2001,3,0,41,0.5,0,0,0,0,0,0,0,0,0.0,0.0,0.0,0.0,1,2,1,0.00,0.00,0.00,0.00,0.00,0.00,0.08,0.08,0.00,0.08
Hicham Boudaoui,ALG,MT,Nice,25-022,1999,5,5,449,5.0,1,1,2,1,0,0,2,0,0.5,0.5,0.5,0.9,12,27,11,0.20,0.20,0.40,0.20,0.40,0.09,0.09,0.19,0.09,0.19
Benjamin Bourigeaud,FRA,MT,Rennes,30-275,1994,1,1,80,0.9,1,0,1,1,0,0,0,0,0.2,0.2,0.0,0.2,0,4,4,1.13,0.00,1.13,1.13,1.13,0.17,0.00,0.17,0.17,0.17
Bilal Brahimi,ALG,MT,Nice,24-215,2000,2,1,76,0.8,0,0,0,0,0,0,0,0,0.0,0.0,0.0,0.1,3,4,10,0.00,0.00,0.00,0.00,0.00,0.05,0.01,0.07,0.05,0.07
Lilian Brassier,FRA,DF,Marseille,24-348,1999,6,5,451,5.0,0,0,0,0,0,0,2,0,0.1,0.1,0.0,0.1,7,21,5,0.00,0.00,0.00,0.00,0.00,0.02,0.00,0.02,0.02,0.02
Aurélio Buta,POR,DF,Reims,27-248,1997,5,5,423,4.7,0,1,1,0,0,0,2,0,0.1,0.1,0.2,0.3,3,13,9,0.00,0.21,0.21,0.00,0.21,0.02,0.04,0.06,0.02,0.06
Marcin Bułka,POL,GB,Nice,25-011,1999,7,7,630,7.0,0,0,0,0,0,0,0,0,0.0,0.0,0.0,0.0,0,0,0,0.00,0.00,0.00,0.00,0.00,0.00,0.00,0.00,0.00,0.00
Rémy Cabella,FRA,"MT,AT",Lille,34-221,1990,7,3,270,3.0,0,1,1,0,0,0,0,0,0.8,0.8,0.9,1.6,11,18,33,0.00,0.33,0.33,0.00,0.33,0.25,0.29,0.54,0.25,0.54
Mathieu Cafaro,FRA,"MT,AT",Saint-Étienne,27-204,1997,7,5,418,4.6,1,0,1,1,0,0,2,0,0.8,0.8,0.3,1.1,9,9,32,0.22,0.00,0.22,0.22,0.22,0.18,0.07,0.25,0.18,0.25
Duje Ćaleta-Car,CRO,DF,Lyon,28-028,1996,7,7,629,7.0,1,0,1,1,0,0,3,0,1.6,1.6,0.0,1.6,2,15,0,0.14,0.00,0.14,0.14,0.14,0.23,0.00,0.23,0.23,0.23
Issiaga Camara,GUI,MT,Nice,19-256,2005,1,0,4,0.0,0,0,0,0,0,0,0,0,0.0,0.0,0.0,0.0,0,0,1,0.00,0.00,0.00,0.00,0.00,0.00,0.00,0.00,0.00,0.00
Lamine Camara,SEN,MT,Monaco,20-288,2004,6,5,419,4.7,2,1,3,2,0,0,3,1,0.6,0.6,0.7,1.4,6,19,9,0.43,0.21,0.64,0.43,0.64,0.14,0.16,0.29,0.14,0.29
Mahdi Camara,FRA,MT,Brest,26-107,1998,7,6,524,5.8,2,0,2,2,0,0,1,0,0.6,0.6,0.2,0.8,10,21,16,0.34,0.00,0.34,0.34,0.34,0.10,0.04,0.13,0.10,0.13
Axel Camblan,FRA,"MT,AT",Brest,21-046,2003,2,0,26,0.3,0,0,0,0,0,0,0,0,0.0,0.0,0.0,0.0,2,2,1,0.00,0.00,0.00,0.00,0.00,0.17,0.00,0.17,0.17,0.17
Jaydee Canvot,FRA,DF,Toulouse,18-078,2006,1,0,5,0.1,0,0,0,0,0,0,0,0,0.0,0.0,0.0,0.0,0,0,0,0.00,0.00,0.00,0.00,0.00,0.00,0.00,0.00,0.00,0.00
Pierrick Capelle,FRA,MT,Angers,37-183,1987,4,2,183,2.0,0,0,0,0,0,0,1,0,0.0,0.0,0.0,0.0,3,7,6,0.00,0.00,0.00,0.00,0.00,0.02,0.00,0.02,0.02,0.02
Maxence Caqueret,FRA,MT,Lyon,24-243,2000,7,5,475,5.3,0,0,0,0,0,0,0,0,0.6,0.6,0.4,0.9,13,42,15,0.00,0.00,0.00,0.00,0.00,0.11,0.07,0.18,0.11,0.18
Valentin Carboni,ARG,"MT,AT",Marseille,19-224,2005,4,1,103,1.1,0,0,0,0,0,0,1,0,0.0,0.0,0.1,0.2,4,4,8,0.00,0.00,0.00,0.00,0.00,0.04,0.10,0.14,0.04,0.14
Josué Casimir,FRA,"AT,DF",Le Havre,23-021,2001,6,5,406,4.5,0,0,0,0,0,0,2,0,0.6,0.6,0.2,0.8,13,12,22,0.00,0.00,0.00,0.00,0.00,0.14,0.04,0.19,0.14,0.19
Cristian Cásseres Jr.,VEN,MT,Toulouse,24-269,2000,7,6,510,5.7,0,1,1,0,0,0,3,0,0.2,0.2,0.2,0.4,5,31,5,0.00,0.18,0.18,0.00,0.18,0.04,0.03,0.08,0.04,0.08
Jean-Charles Castelletto,CMR,DF,Nantes,29-263,1995,5,5,450,5.0,0,0,0,0,0,0,2,0,0.1,0.1,0.0,0.1,0,14,0,0.00,0.00,0.00,0.00,0.00,0.02,0.00,0.02,0.02,0.02
Brendan Chardonnet,FRA,DF,Brest,29-298,1994,6,6,540,6.0,0,0,0,0,0,0,1,0,0.1,0.1,0.0,0.1,2,6,1,0.00,0.00,0.00,0.00,0.00,0.02,0.00,0.02,0.02,0.02
Jhoanner Chávez,ECU,DF,Lens,22-173,2002,5,5,392,4.4,1,0,1,1,0,0,1,0,0.3,0.3,0.6,0.8,7,4,24,0.23,0.00,0.23,0.23,0.23,0.06,0.13,0.19,0.06,0.19
Théo Chennahi,FRA,DF,Montpellier,19-252,2005,1,0,3,0.0,0,0,0,0,0,0,0,0,0.0,0.0,0.0,0.0,0,0,0,0.00,0.00,0.00,0.00,0.00,0.00,0.00,0.00,0.00,0.00
Sidiki Cherif,FRA,AT,Angers,17-305,2006,5,3,282,3.1,0,0,0,0,0,0,0,0,0.4,0.4,0.2,0.6,8,2,14,0.00,0.00,0.00,0.00,0.00,0.14,0.06,0.19,0.14,0.19
Rayan Cherki,FRA,MT,Lyon,21-059,2003,3,1,110,1.2,1,0,1,1,0,0,1,0,0.6,0.6,0.2,0.8,8,12,9,0.82,0.00,0.82,0.82,0.82,0.48,0.17,0.65,0.48,0.65
Lucas Chevalier,FRA,GB,Lille,22-344,2001,7,7,630,7.0,0,0,0,0,0,0,0,0,0.0,0.0,0.0,0.0,0,0,0,0.00,0.00,0.00,0.00,0.00,0.00,0.00,0.00,0.00,0.00
Pedro Chirivella,ESP,MT,Nantes,27-145,1997,7,7,605,6.7,0,1,1,0,0,0,0,0,0.2,0.2,0.3,0.4,3,49,6,0.00,0.15,0.15,0.00,0.15,0.02,0.04,0.06,0.02,0.06
Joris Chotard,FRA,MT,Montpellier,23-021,2001,4,4,309,3.4,0,0,0,0,0,0,2,0,0.1,0.1,0.0,0.1,1,22,6,0.00,0.00,0.00,0.00,0.00,0.02,0.00,0.02,0.02,0.02
Jonathan Clauss,FRA,"MT,DF",Nice,32-020,1992,7,6,538,6.0,1,2,3,1,0,0,0,0,0.6,0.6,1.5,2.2,13,19,28,0.17,0.33,0.50,0.17,0.50,0.11,0.25,0.36,0.11,0.36
Marcus Coco,FRA,DF,Nantes,28-113,1996,5,3,277,3.1,0,0,0,0,0,0,2,1,0.0,0.0,0.1,0.1,6,13,10,0.00,0.00,0.00,0.00,0.00,0.01,0.02,0.03,0.01,0.03
Derek Cornelius,CAN,DF,Marseille,26-325,1997,5,5,407,4.5,0,0,0,0,0,0,3,1,0.1,0.1,0.1,0.2,2,15,0,0.00,0.00,0.00,0.00,0.00,0.01,0.02,0.03,0.01,0.03
Pierre Cornud,FRA,DF,Saint-Étienne,27-308,1996,3,3,208,2.3,0,0,0,0,0,0,2,0,0.0,0.0,0.2,0.2,2,8,9,0.00,0.00,0.00,0.00,0.00,0.00,0.10,0.10,0.00,0.10
David Costa,POR,MT,Lens,23-284,2001,4,1,140,1.6,0,0,0,0,0,0,0,0,0.6,0.6,0.2,0.7,5,9,6,0.00,0.00,0.00,0.00,0.00,0.36,0.10,0.47,0.36,0.47
Logan Costa,CPV,DF,Toulouse,23-197,2001,1,1,90,1.0,0,0,0,0,0,0,0,0,0.0,0.0,0.5,0.5,1,4,1,0.00,0.00,0.00,0.00,0.00,0.00,0.50,0.50,0.00,0.50
Lasso Coulibaly,GHA,"AT,MT",Auxerre,21-362,2002,2,0,38,0.4,1,0,1,1,0,0,0,0,0.2,0.2,0.0,0.2,0,0,3,2.37,0.00,2.37,2.37,2.37,0.52,0.00,0.52,0.52,0.52
Soumaïla Coulibaly,FRA,DF,Brest,21-001,2003,3,1,141,1.6,0,0,0,0,0,0,0,0,0.0,0.0,0.0,0.0,1,4,0,0.00,0.00,0.00,0.00,0.00,0.02,0.00,0.02,0.02,0.02
Tanguy Coulibaly,FRA,AT,Montpellier,23-240,2001,5,3,284,3.2,0,0,0,0,0,0,2,1,0.2,0.2,0.4,0.6,16,5,23,0.00,0.00,0.00,0.00,0.00,0.08,0.11,0.19,0.08,0.19
Nicolas Cozza,FRA,DF,Nantes,25-281,1999,4,2,211,2.3,0,0,0,0,0,0,1,0,0.0,0.0,0.0,0.1,3,7,4,0.00,0.00,0.00,0.00,0.00,0.02,0.02,0.03,0.02,0.03
Charlie Cresswell,ENG,DF,Toulouse,22-059,2002,6,4,343,3.8,0,0,0,0,0,0,0,0,1.0,1.0,0.5,1.5,4,13,1,0.00,0.00,0.00,0.00,0.00,0.27,0.12,0.39,0.27,0.39
Kévin Danois,FRA,"MT,DF",Auxerre,20-109,2004,6,3,311,3.5,0,0,0,0,0,0,0,0,0.4,0.4,0.3,0.6,4,29,9,0.00,0.00,0.00,0.00,0.00,0.11,0.08,0.18,0.11,0.18
Kevin Danso,AUT,DF,Lens,26-026,1998,2,2,180,2.0,0,0,0,0,0,0,0,0,0.0,0.0,0.0,0.1,0,6,0,0.00,0.00,0.00,0.00,0.00,0.02,0.02,0.04,0.02,0.04
Dante,BRA,DF,Nice,40-363,1983,7,6,563,6.3,0,0,0,0,0,0,3,0,0.0,0.0,0.0,0.0,6,33,6,0.00,0.00,0.00,0.00,0.00,0.00,0.00,0.00,0.00,0.00
Pape Daouda Diongue,SEN,MT,Strasbourg,,,1,1,45,0.5,0,0,0,0,0,0,0,0,0.2,0.2,0.0,0.2,2,0,2,0.00,0.00,0.00,0.00,0.00,0.32,0.00,0.32,0.32,0.32
Mohammed Daramy,DEN,AT,Reims,22-282,2002,2,0,16,0.2,0,0,0,0,0,0,0,0,0.0,0.0,0.1,0.1,3,0,2,0.00,0.00,0.00,0.00,0.00,0.20,0.32,0.51,0.20,0.51
Jonathan David,CAN,AT,Lille,24-275,2000,7,4,463,5.1,5,0,5,4,1,1,0,0,3.2,2.4,0.2,2.6,8,11,37,0.97,0.00,0.97,0.78,0.78,0.63,0.04,0.66,0.48,0.51
Zuriko Davitashvili,GEO,"MT,AT",Saint-Étienne,23-243,2001,7,7,599,6.7,3,2,5,3,0,0,0,0,1.5,1.5,1.1,2.6,15,14,37,0.45,0.30,0.75,0.45,0.75,0.23,0.16,0.39,0.23,0.39
Thibault De Smet,BEL,DF,Reims,26-132,1998,2,0,8,0.1,0,0,0,0,0,0,0,0,0.0,0.0,0.0,0.0,0,0,2,0.00,0.00,0.00,0.00,0.00,0.00,0.00,0.00,0.00,0.00
Romain Del Castillo,FRA,AT,Brest,28-200,1996,6,5,426,4.7,2,2,4,0,2,3,0,0,2.8,0.4,0.6,1.0,14,21,34,0.42,0.42,0.85,0.00,0.42,0.58,0.12,0.70,0.08,0.20
Ousmane Dembélé,FRA,AT,Paris S-G,27-153,1997,7,5,430,4.8,4,3,7,4,0,0,1,0,2.6,2.6,3.3,5.9,42,36,68,0.84,0.63,1.47,0.84,1.47,0.55,0.68,1.23,0.55,1.23
Arthur Desmas,FRA,GB,Le Havre,30-191,1994,7,7,630,7.0,0,0,0,0,0,0,1,0,0.0,0.0,0.0,0.0,0,0,0,0.00,0.00,0.00,0.00,0.00,0.00,0.00,0.00,0.00,0.00
Mamadou Diakhon,FRA,"AT,MT",Reims,19-023,2005,4,0,50,0.6,0,0,0,0,0,0,0,0,0.1,0.1,0.1,0.1,4,1,5,0.00,0.00,0.00,0.00,0.00,0.11,0.11,0.22,0.11,0.22
Bafodé Diakité,FRA,DF,Lille,23-283,2001,7,7,630,7.0,1,1,2,1,0,0,2,0,0.9,0.9,0.1,0.9,3,26,0,0.14,0.14,0.29,0.14,0.29,0.13,0.01,0.14,0.13,0.14
Oumar Diakité,CIV,AT,Reims,20-300,2003,7,7,498,5.5,2,1,3,2,0,0,3,0,2.1,2.1,0.5,2.6,11,20,26,0.36,0.18,0.54,0.36,0.54,0.38,0.09,0.47,0.38,0.47
Habib Diarra,SEN,"MT,AT",Strasbourg,20-286,2004,7,7,568,6.3,2,0,2,1,1,1,1,0,1.5,0.7,0.6,1.3,14,17,20,0.32,0.00,0.32,0.16,0.16,0.23,0.10,0.33,0.11,0.20
Krépin Diatta,SEN,DF,Monaco,25-233,1999,2,0,32,0.4,0,0,0,0,0,0,0,0,0.0,0.0,0.0,0.0,1,3,1,0.00,0.00,0.00,0.00,0.00,0.00,0.00,0.00,0.00,0.00
Kandet Diawara,GUI,AT,Le Havre,24-248,2000,1,0,4,0.0,0,0,0,0,0,0,0,0,0.0,0.0,0.0,0.0,0,0,0,0.00,0.00,0.00,0.00,0.00,0.00,0.00,0.00,0.00,0.00
Mahamadou Diawara,FRA,MT,Lyon,19-241,2005,2,0,16,0.2,0,0,0,0,0,0,0,0,0.0,0.0,0.0,0.0,1,1,0,0.00,0.00,0.00,0.00,0.00,0.00,0.00,0.00,0.00,0.00
Bamba Dieng,SEN,AT,Angers,24-206,2000,3,2,210,2.3,1,0,1,1,0,0,1,0,0.6,0.6,0.0,0.6,2,2,14,0.43,0.00,0.43,0.43,0.43,0.24,0.00,0.24,0.24,0.24
Sinaly Diomande,CIV,DF,Auxerre,23-189,2001,5,4,385,4.3,0,1,1,0,0,0,2,0,0.0,0.0,0.2,0.2,1,19,3,0.00,0.23,0.23,0.00,0.23,0.00,0.05,0.05,0.00,0.05
Lois Diony,FRA,AT,Angers,31-300,1992,1,0,21,0.2,0,0,0,0,0,0,0,0,0.0,0.0,0.0,0.0,0,0,2,0.00,0.00,0.00,0.00,0.00,0.00,0.00,0.00,0.00,0.00
Sofiane Diop,FRA,"MT,AT",Nice,24-128,2000,4,0,48,0.5,1,0,1,1,0,0,0,0,0.9,0.9,0.0,1.0,2,4,2,1.87,0.00,1.87,1.87,1.87,1.78,0.09,1.87,1.78,1.87
Andy Diouf,FRA,MT,Lens,21-151,2003,7,6,544,6.0,1,0,1,1,0,0,0,0,0.4,0.4,0.7,1.1,22,25,16,0.17,0.00,0.17,0.17,0.17,0.07,0.11,0.18,0.07,0.18
Yehvann Diouf,FRA,GB,Reims,24-334,1999,7,7,630,7.0,0,0,0,0,0,0,0,0,0.0,0.0,0.0,0.0,0,0,0,0.00,0.00,0.00,0.00,0.00,0.00,0.00,0.00,0.00,0.00
Assane Dioussé,SEN,MT,Auxerre,27-025,1997,1,0,6,0.1,0,0,0,0,0,0,0,0,0.0,0.0,0.0,0.0,0,3,0,0.00,0.00,0.00,0.00,0.00,0.05,0.00,0.05,0.05,0.05
Gianluigi Donnarumma,ITA,GB,Paris S-G,25-233,1999,5,5,450,5.0,0,0,0,0,0,0,1,0,0.0,0.0,0.0,0.0,0,0,0,0.00,0.00,0.00,0.00,0.00,0.00,0.00,0.00,0.00,0.00
Désiré Doué,FRA,AT,Paris S-G,19-134,2005,4,1,147,1.6,0,1,1,0,0,0,0,0,0.5,0.5,1.3,1.7,6,13,20,0.00,0.61,0.61,0.00,0.61,0.28,0.78,1.06,0.28,1.06
Guela Doué,CIV,DF,Strasbourg,21-364,2002,7,7,630,7.0,0,0,0,0,0,0,3,0,0.2,0.2,0.0,0.3,6,25,2,0.00,0.00,0.00,0.00,0.00,0.03,0.01,0.04,0.03,0.04
Douglas,BRA,MT,Nantes,27-276,1997,6,6,505,5.6,1,0,1,1,0,0,3,0,1.1,1.1,0.3,1.4,3,27,12,0.18,0.00,0.18,0.18,0.18,0.20,0.05,0.25,0.20,0.25
Ismaël Doukouré,FRA,MT,Strasbourg,21-083,2003,7,7,585,6.5,0,1,1,0,0,0,3,0,0.1,0.1,0.6,0.7,6,24,5,0.00,0.15,0.15,0.00,0.15,0.01,0.10,0.11,0.01,0.11
Kamory Doumbia,MLI,"MT,AT",Brest,21-240,2003,4,2,185,2.1,0,0,0,0,0,0,0,0,0.1,0.1,0.1,0.2,1,6,7,0.00,0.00,0.00,0.00,0.00,0.02,0.05,0.08,0.02,0.08
Jean-Kevin Duverne,HAI,DF,Nantes,27-095,1997,5,4,327,3.6,0,0,0,0,0,0,1,0,0.1,0.1,0.1,0.2,3,14,4,0.00,0.00,0.00,0.00,0.00,0.04,0.03,0.06,0.04,0.06
Stefan Džodić,SRB,DF,Montpellier,19-214,2005,2,2,163,1.8,0,0,0,0,0,0,2,0,0.0,0.0,0.0,0.0,2,6,0,0.00,0.00,0.00,0.00,0.00,0.01,0.00,0.01,0.01,0.01
Aron Dønnum,NOR,"DF,MT",Toulouse,26-178,1998,7,6,462,5.1,0,0,0,0,0,0,3,0,0.5,0.5,0.2,0.7,16,22,37,0.00,0.00,0.00,0.00,0.00,0.10,0.04,0.14,0.10,0.14
Jacques Ekomie,GAB,DF,Angers,21-057,2003,4,3,227,2.5,0,0,0,0,0,0,0,0,0.0,0.0,0.0,0.0,4,6,8,0.00,0.00,0.00,0.00,0.00,0.01,0.00,0.01,0.01,0.01
Pierre Ekwah Elimby,FRA,MT,Saint-Étienne,22-274,2002,4,4,360,4.0,0,0,0,0,0,0,2,0,0.0,0.0,0.0,0.1,2,20,2,0.00,0.00,0.00,0.00,0.00,0.01,0.01,0.02,0.01,0.02
Breel Embolo,SUI,AT,Monaco,27-244,1997,5,4,332,3.7,0,2,2,0,0,0,1,0,2.5,2.5,1.8,4.3,6,6,26,0.00,0.54,0.54,0.00,0.54,0.67,0.49,1.16,0.67,1.16
Emanuel Emegha,NED,AT,Strasbourg,21-255,2003,7,7,592,6.6,3,1,4,3,0,0,1,0,4.0,4.0,1.1,5.1,13,3,25,0.46,0.15,0.61,0.46,0.61,0.60,0.17,0.78,0.60,0.78
Romain Faivre,FRA,"MT,AT",Brest,26-093,1998,5,3,264,2.9,1,0,1,1,0,0,1,0,0.6,0.6,0.2,0.8,6,13,13,0.34,0.00,0.34,0.34,0.34,0.20,0.06,0.27,0.20,0.27
Khalil Fayad,FRA,"MT,AT",Montpellier,20-128,2004,4,3,254,2.8,0,0,0,0,0,0,0,0,0.2,0.2,0.1,0.3,6,17,7,0.00,0.00,0.00,0.00,0.00,0.06,0.03,0.09,0.06,0.09
Zinedine Ferhat,ALG,"AT,MT",Angers,31-228,1993,6,2,206,2.3,1,0,1,1,0,0,0,0,0.3,0.3,0.4,0.7,5,12,20,0.44,0.00,0.44,0.44,0.44,0.13,0.16,0.29,0.13,0.29
Edimilson Fernandes,SUI,MT,Brest,28-183,1996,2,2,140,1.6,0,0,0,0,0,0,0,0,0.0,0.0,0.1,0.1,1,2,0,0.00,0.00,0.00,0.00,0.00,0.00,0.07,0.07,0.00,0.07
Matias Fernandez-Pardo,BEL,AT,Lille,19-255,2005,2,0,48,0.5,0,0,0,0,0,0,0,0,0.0,0.0,0.1,0.1,2,1,2,0.00,0.00,0.00,0.00,0.00,0.00,0.17,0.17,0.00,0.17
Jordan Ferri,FRA,MT,Montpellier,32-217,1992,4,3,271,3.0,0,0,0,0,0,0,2,0,0.0,0.0,0.2,0.2,1,20,8,0.00,0.00,0.00,0.00,0.00,0.01,0.06,0.07,0.01,0.07
Karol Fila,POL,MT,Strasbourg,26-124,1998,1,0,5,0.1,0,0,0,0,0,0,1,0,0.0,0.0,0.0,0.0,0,0,0,0.00,0.00,0.00,0.00,0.00,0.00,0.00,0.00,0.00,0.00
Malick Fofana,BEL,"AT,DF",Lyon,19-198,2005,7,2,265,2.9,1,1,2,1,0,0,0,0,0.3,0.3,0.6,0.9,21,9,24,0.34,0.34,0.68,0.34,0.68,0.10,0.21,0.31,0.10,0.31
Yahia Fofana,CIV,GB,Angers,24-055,2000,7,7,630,7.0,0,0,0,0,0,0,1,0,0.0,0.0,0.0,0.0,0,0,0,0.00,0.00,0.00,0.00,0.00,0.00,0.00,0.00,0.00,0.00
Lamine Fomba,FRA,MT,Saint-Étienne,26-263,1998,2,1,68,0.8,0,0,0,0,0,0,1,0,0.0,0.0,0.0,0.0,0,6,1,0.00,0.00,0.00,0.00,0.00,0.03,0.00,0.03,0.03,0.03
Przemysław Frankowski,POL,DF,Lens,29-186,1995,6,4,361,4.0,1,0,1,0,1,1,1,0,0.9,0.1,0.3,0.4,8,25,30,0.25,0.00,0.25,0.00,0.00,0.22,0.07,0.29,0.02,0.09
Angelo Fulgini,FRA,"MT,AT",Lens,28-056,1996,5,3,243,2.7,0,0,0,0,0,0,0,0,0.4,0.4,0.7,1.1,1,14,19,0.00,0.00,0.00,0.00,0.00,0.14,0.26,0.40,0.14,0.40
Ignatius Ganago,CMR,AT,Nantes,25-242,1999,3,0,41,0.5,0,0,0,0,0,0,0,0,0.1,0.1,0.2,0.3,1,5,9,0.00,0.00,0.00,0.00,0.00,0.27,0.49,0.76,0.27,0.76
Ulisses Garcia,SUI,"DF,MT",Marseille,28-278,1996,4,1,122,1.4,1,0,1,1,0,0,0,0,0.2,0.2,0.1,0.3,3,5,28,0.74,0.00,0.74,0.74,0.74,0.17,0.04,0.21,0.17,0.21
Jean-Philippe Gbamin,CIV,MT,Nantes,29-020,1995,3,1,78,0.9,0,0,0,0,0,0,1,0,0.1,0.1,0.0,0.1,1,4,0,0.00,0.00,0.00,0.00,0.00,0.08,0.00,0.08,0.08,0.08
Yann Gboho,FRA,"MT,AT",Toulouse,23-275,2001,7,7,614,6.8,2,1,3,2,0,0,0,0,1.6,1.6,0.9,2.5,31,24,57,0.29,0.15,0.44,0.29,0.44,0.24,0.14,0.37,0.24,0.37
Denis Genreau,AUS,MT,Toulouse,25-147,1999,1,0,1,0.0,0,0,0,0,0,0,0,0,0.1,0.1,0.2,0.3,0,0,0,0.00,0.00,0.00,0.00,0.00,5.79,17.89,23.68,5.79,23.68
Aleksandr Golovin,RUS,MT,Monaco,28-138,1996,5,3,273,3.0,0,0,0,0,0,0,0,0,0.6,0.6,0.7,1.3,13,28,16,0.00,0.00,0.00,0.00,0.00,0.20,0.23,0.43,0.20,0.43
André Gomes,POR,MT,Lille,31-077,1993,3,3,201,2.2,0,0,0,0,0,0,1,0,0.0,0.0,0.0,0.1,1,10,5,0.00,0.00,0.00,0.00,0.00,0.01,0.02,0.03,0.01,0.03
Angel Gomes,ENG,MT,Lille,24-045,2000,6,5,382,4.2,1,1,2,1,0,1,0,0,1.3,0.5,1.9,2.4,10,28,31,0.24,0.24,0.47,0.24,0.47,0.30,0.46,0.76,0.12,0.57
Carlos Gómez,COL,MT,Rennes,22-033,2002,2,0,47,0.5,0,0,0,0,0,0,0,0,0.0,0.0,0.0,0.0,1,0,8,0.00,0.00,0.00,0.00,0.00,0.00,0.00,0.00,0.00,0.00
Amine Gouiri,ALG,"AT,MT",Rennes,24-242,2000,7,4,433,4.8,1,1,2,1,0,0,0,0,2.1,2.1,0.2,2.3,11,19,24,0.21,0.21,0.42,0.21,0.42,0.44,0.04,0.48,0.44,0.48
Jonathan Gradit,FRA,DF,Lens,31-326,1992,6,6,524,5.8,0,0,0,0,0,0,1,0,0.3,0.3,0.4,0.7,6,47,1,0.00,0.00,0.00,0.00,0.00,0.04,0.07,0.11,0.04,0.11
Samuel Grandsir,FRA,"MT,AT",Le Havre,28-062,1996,4,0,52,0.6,0,0,0,0,0,0,0,0,0.0,0.0,0.6,0.6,0,1,3,0.00,0.00,0.00,0.00,0.00,0.00,1.00,1.00,0.00,1.00
Mason Greenwood,ENG,AT,Marseille,23-014,2001,7,7,617,6.9,5,0,5,4,1,1,0,0,2.3,1.5,0.7,2.2,33,21,59,0.73,0.00,0.73,0.58,0.58,0.34,0.10,0.44,0.22,0.32
Albert Grønbaek,DEN,"MT,AT",Rennes,23-145,2001,7,6,438,4.9,1,1,2,1,0,0,0,0,0.6,0.6,0.7,1.2,11,17,27,0.21,0.21,0.41,0.21,0.41,0.12,0.13,0.26,0.12,0.26
Gabriel Gudmundsson,SWE,DF,Lille,25-169,1999,7,6,474,5.3,0,0,0,0,0,0,0,0,0.2,0.2,0.3,0.5,18,19,33,0.00,0.00,0.00,0.00,0.00,0.04,0.06,0.10,0.04,0.10
Axel Gueguin,FRA,AT,Montpellier,19-205,2005,1,0,23,0.3,0,0,0,0,0,0,0,0,0.0,0.0,0.0,0.0,0,1,1,0.00,0.00,0.00,0.00,0.00,0.00,0.00,0.00,0.00,0.00
Evann Guessand,CIV,"AT,MT",Nice,23-106,2001,7,7,579,6.4,3,1,4,3,0,0,0,0,3.2,3.2,0.8,4.0,16,19,32,0.47,0.16,0.62,0.47,0.62,0.49,0.13,0.62,0.49,0.62
Bahereba Guirassy,FRA,AT,Nantes,18-047,2006,3,0,11,0.1,1,0,1,1,0,0,0,0,0.4,0.4,0.0,0.4,1,0,0,8.18,0.00,8.18,8.18,8.18,3.05,0.00,3.05,3.05,3.05
Massadio Haïdara,MLI,DF,Brest,31-318,1992,3,3,243,2.7,0,0,0,0,0,0,2,1,0.0,0.0,0.0,0.0,2,16,5,0.00,0.00,0.00,0.00,0.00,0.00,0.00,0.00,0.00,0.00
Achraf Hakimi,MAR,DF,Paris S-G,25-346,1998,6,6,533,5.9,1,3,4,1,0,0,1,0,0.9,0.9,2.7,3.7,29,39,59,0.17,0.51,0.68,0.17,0.68,0.16,0.46,0.62,0.16,0.62
Florent Hanin,ALG,DF,Angers,34-254,1990,6,4,397,4.4,0,1,1,0,0,0,1,0,0.0,0.0,0.5,0.5,7,24,26,0.00,0.23,0.23,0.00,0.23,0.00,0.12,0.12,0.00,0.12
Amine Harit,MAR,MT,Marseille,27-119,1997,7,6,375,4.2,1,3,4,1,0,0,0,0,0.3,0.3,0.9,1.2,8,21,14,0.24,0.72,0.96,0.24,0.96,0.07,0.22,0.29,0.07,0.29
Hans Hateboer,NED,"DF,MT",Rennes,30-280,1994,7,4,424,4.7,0,0,0,0,0,0,1,0,0.3,0.3,0.6,0.9,7,21,32,0.00,0.00,0.00,0.00,0.00,0.06,0.14,0.20,0.06,0.20
Luis Henrique,BRA,AT,Marseille,22-306,2001,7,7,535,5.9,3,3,6,3,0,0,0,0,0.8,0.8,0.8,1.6,10,26,41,0.50,0.50,1.01,0.50,1.01,0.14,0.13,0.27,0.14,0.27
Ki-Jana Hoever,NED,DF,Auxerre,22-271,2002,5,5,349,3.9,0,0,0,0,0,0,2,1,0.0,0.0,0.3,0.3,12,20,24,0.00,0.00,0.00,0.00,0.00,0.00,0.08,0.08,0.00,0.08
Cédric Hountondji,BEN,DF,Angers,30-270,1994,3,3,270,3.0,0,0,0,0,0,0,0,0,0.0,0.0,0.0,0.0,0,1,0,0.00,0.00,0.00,0.00,0.00,0.00,0.00,0.00,0.00,0.00
Ilyes Housni,FRA,"AT,MT",Le Havre,19-154,2005,2,1,72,0.8,0,0,0,0,0,0,0,0,0.1,0.1,0.2,0.2,2,3,8,0.00,0.00,0.00,0.00,0.00,0.10,0.21,0.31,0.10,0.31
Pierre Højbjerg,DEN,"MT,DF",Marseille,29-071,1995,7,7,625,6.9,0,0,0,0,0,0,1,0,0.4,0.4,0.2,0.7,5,48,7,0.00,0.00,0.00,0.00,0.00,0.06,0.03,0.10,0.06,0.10
George Ilenikhena,FRA,"AT,MT",Monaco,18-060,2006,7,1,227,2.5,0,1,1,0,0,0,0,0,0.8,0.8,0.8,1.5,3,2,15,0.00,0.40,0.40,0.00,0.40,0.30,0.30,0.60,0.30,0.60
Ismaily,BRA,DF,Lille,34-278,1990,1,1,82,0.9,0,0,0,0,0,0,1,0,0.1,0.1,0.1,0.2,0,8,8,0.00,0.00,0.00,0.00,0.00,0.06,0.16,0.22,0.06,0.22
Yanis Issoufou,FRA,"AT,MT",Montpellier,17-353,2006,3,1,73,0.8,0,0,0,0,0,0,0,0,0.0,0.0,0.0,0.0,2,1,2,0.00,0.00,0.00,0.00,0.00,0.04,0.00,0.04,0.04,0.04
Junya Ito,JPN,AT,Reims,31-220,1993,7,7,603,6.7,2,1,3,2,0,0,0,0,0.7,0.7,2.1,2.8,31,35,45,0.30,0.15,0.45,0.30,0.45,0.10,0.31,0.41,0.10,0.41
Ismail Jakobs,SEN,DF,Monaco,25-059,1999,2,2,180,2.0,0,0,0,0,0,0,0,0,0.0,0.0,0.2,0.2,9,6,17,0.00,0.00,0.00,0.00,0.00,0.00,0.11,0.11,0.00,0.11
Jordan James,WAL,MT,Rennes,20-105,2004,3,0,30,0.3,0,0,0,0,0,0,1,0,0.1,0.1,0.2,0.3,0,1,1,0.00,0.00,0.00,0.00,0.00,0.26,0.70,0.96,0.26,0.96
Karl-Johan Johnsson,SWE,GB,Strasbourg,34-261,1990,3,3,270,3.0,0,0,0,0,0,0,0,0,0.0,0.0,0.0,0.0,0,0,0,0.00,0.00,0.00,0.00,0.00,0.00,0.00,0.00,0.00,0.00
Paul Joly,FRA,DF,Auxerre,24-130,2000,7,4,396,4.4,0,1,1,0,0,0,1,0,0.1,0.1,0.9,0.9,12,26,29,0.00,0.23,0.23,0.00,0.23,0.02,0.20,0.21,0.02,0.21
Jota,POR,AT,Rennes,25-199,1999,2,0,34,0.4,0,0,0,0,0,0,0,0,0.0,0.0,0.0,0.0,3,2,3,0.00,0.00,0.00,0.00,0.00,0.00,0.00,0.00,0.00,0.00
Antoine Joujou,FRA,"MT,AT",Le Havre,21-217,2003,7,3,308,3.4,0,0,0,0,0,0,1,0,0.3,0.3,0.3,0.6,17,4,28,0.00,0.00,0.00,0.00,0.00,0.09,0.10,0.19,0.09,0.19
Jubal,BRA,DF,Auxerre,31-047,1993,6,6,487,5.4,1,0,1,0,1,1,2,0,1.2,0.4,0.4,0.8,0,8,1,0.18,0.00,0.18,0.00,0.00,0.21,0.08,0.29,0.07,0.14
Hamed Junior Traorè,CIV,MT,Auxerre,24-242,2000,5,5,412,4.6,2,0,2,2,0,0,0,0,1.5,1.5,0.2,1.7,11,27,26,0.44,0.00,0.44,0.44,0.44,0.32,0.05,0.37,0.32,0.37
Yaya Kader Fofana,MLI,"MT,AT",Reims,20-125,2004,7,6,428,4.8,1,1,2,1,0,0,3,0,0.4,0.4,1.6,1.9,14,13,20,0.21,0.21,0.42,0.21,0.42,0.08,0.33,0.41,0.08,0.41
Tino Kadewere,ZIM,"MT,AT",Nantes,28-284,1996,5,4,315,3.5,0,2,2,0,0,0,1,0,0.6,0.6,0.5,1.0,2,7,15,0.00,0.57,0.57,0.00,0.57,0.16,0.13,0.30,0.16,0.30
Arnaud Kalimuendo,FRA,AT,Rennes,22-269,2002,6,5,400,4.4,3,0,3,1,2,2,0,0,2.5,0.9,0.2,1.1,7,9,34,0.68,0.00,0.68,0.23,0.23,0.55,0.05,0.60,0.20,0.25
Waren Kamanzi,NOR,"DF,MT",Toulouse,23-339,2000,6,4,390,4.3,0,0,0,0,0,0,1,0,0.0,0.0,0.2,0.2,9,14,24,0.00,0.00,0.00,0.00,0.00,0.00,0.04,0.04,0.00,0.04
Glen Kamara,FIN,MT,Rennes,28-353,1995,6,4,356,4.0,0,1,1,0,0,0,0,0,0.2,0.2,0.1,0.3,4,20,18,0.00,0.25,0.25,0.00,0.25,0.04,0.03,0.07,0.04,0.07
Nordine Kandil,FRA,MT,Strasbourg,22-350,2001,1,0,10,0.1,0,0,0,0,0,0,0,0,0.0,0.0,0.0,0.0,1,0,0,0.00,0.00,0.00,0.00,0.00,0.00,0.00,0.00,0.00,0.00
Lee Kang-in,KOR,"AT,MT",Paris S-G,23-239,2001,7,4,423,4.7,3,0,3,3,0,0,0,0,1.2,1.2,1.3,2.5,6,35,32,0.64,0.00,0.64,0.64,0.64,0.25,0.28,0.53,0.25,0.53
Yassine Kechta,MAR,"MT,AT",Le Havre,22-233,2002,7,6,494,5.5,0,0,0,0,0,0,1,0,0.3,0.3,0.2,0.5,10,20,28,0.00,0.00,0.00,0.00,0.00,0.05,0.04,0.09,0.05,0.09
Thilo Kehrer,GER,DF,Monaco,28-024,1996,5,5,450,5.0,2,0,2,2,0,0,0,0,0.3,0.3,0.0,0.4,0,20,1,0.40,0.00,0.40,0.40,0.40,0.06,0.01,0.07,0.06,0.07
Reda Khadra,GER,"MT,AT",Reims,23-103,2001,4,0,78,0.9,0,0,0,0,0,0,0,0,0.0,0.0,0.0,0.0,4,4,7,0.00,0.00,0.00,0.00,0.00,0.00,0.03,0.03,0.00,0.03
Wahbi Khazri,TUN,AT,Montpellier,33-250,1991,6,2,187,2.1,0,1,1,0,0,0,1,0,0.2,0.2,0.0,0.2,8,7,8,0.00,0.48,0.48,0.00,0.48,0.10,0.02,0.12,0.10,0.12
Abdukodir Khusanov,UZB,DF,Lens,20-229,2004,7,5,467,5.2,0,0,0,0,0,0,1,0,0.1,0.1,0.0,0.1,0,12,2,0.00,0.00,0.00,0.00,0.00,0.02,0.00,0.02,0.02,0.02
Joshua King,NOR,"AT,MT",Toulouse,32-274,1992,5,2,188,2.1,0,0,0,0,0,0,1,0,0.5,0.5,0.1,0.7,7,4,16,0.00,0.00,0.00,0.00,0.00,0.25,0.07,0.32,0.25,0.32
Cédric Kipré,CIV,DF,Reims,27-311,1996,6,4,373,4.1,0,1,1,0,0,0,0,0,0.0,0.0,0.3,0.3,1,7,0,0.00,0.24,0.24,0.00,0.24,0.00,0.08,0.08,0.00,0.08
Philipp Köhn,SUI,GB,Monaco,26-196,1998,7,7,630,7.0,0,0,0,0,0,0,1,0,0.0,0.0,0.0,0.0,0,0,0,0.00,0.00,0.00,0.00,0.00,0.00,0.00,0.00,0.00,0.00
Randal Kolo Muani,FRA,AT,Paris S-G,25-315,1998,7,2,294,3.3,2,0,2,1,1,1,0,0,3.1,2.3,0.3,2.6,4,3,26,0.61,0.00,0.61,0.31,0.31,0.96,0.08,1.04,0.72,0.80
Geoffrey Kondogbia,CTA,"MT,DF",Marseille,31-243,1993,6,6,535,5.9,0,0,0,0,0,0,0,0,0.2,0.2,0.0,0.3,1,26,2,0.00,0.00,0.00,0.00,0.00,0.04,0.01,0.05,0.04,0.05
Abdoul Koné,FRA,DF,Reims,19-176,2005,1,1,60,0.7,0,0,0,0,0,0,0,0,0.0,0.0,0.0,0.0,0,2,0,0.00,0.00,0.00,0.00,0.00,0.00,0.00,0.00,0.00,0.00
Amadou Koné,MLI,MT,Reims,19-154,2005,2,1,21,0.2,0,0,0,0,0,0,0,1,0.0,0.0,0.0,0.0,1,2,0,0.00,0.00,0.00,0.00,0.00,0.00,0.15,0.15,0.00,0.15
Ismaël Koné,CAN,MT,Marseille,22-131,2002,3,2,146,1.6,0,0,0,0,0,0,0,0,0.2,0.2,0.2,0.4,1,3,1,0.00,0.00,0.00,0.00,0.00,0.12,0.12,0.24,0.12,0.24
Boubakar Kouyaté,MLI,DF,Montpellier,27-183,1997,2,1,111,1.2,0,0,0,0,0,0,1,0,0.2,0.2,0.0,0.2,0,1,0,0.00,0.00,0.00,0.00,0.00,0.12,0.00,0.12,0.12,0.12
Sael Kumbedi,FRA,DF,Lyon,19-203,2005,1,1,88,1.0,0,0,0,0,0,0,0,0,0.0,0.0,0.1,0.1,3,5,3,0.00,0.00,0.00,0.00,0.00,0.00,0.07,0.07,0.00,0.07
Daler Kuzyaev,RUS,MT,Le Havre,31-274,1993,6,3,319,3.5,1,0,1,1,0,0,1,0,0.2,0.2,0.0,0.2,3,21,5,0.28,0.00,0.28,0.28,0.28,0.06,0.01,0.07,0.06,0.07
Rémy Labeau Lascary,GLP,AT,Lens,21-226,2003,6,2,246,2.7,0,0,0,0,0,0,3,0,1.5,1.5,0.4,1.9,6,2,22,0.00,0.00,0.00,0.00,0.00,0.55,0.15,0.71,0.55,0.71
Gaëtan Laborde,FRA,AT,Nice,30-165,1994,1,1,78,0.9,0,1,1,0,0,0,0,0,0.0,0.0,0.1,0.1,4,2,12,0.00,1.15,1.15,0.00,1.15,0.04,0.09,0.13,0.04,0.13
Alexandre Lacazette,FRA,AT,Lyon,33-140,1991,6,5,441,4.9,0,1,1,0,0,1,1,0,2.2,1.3,1.1,2.4,4,19,37,0.00,0.20,0.20,0.00,0.20,0.45,0.22,0.67,0.27,0.49
Alban Lafont,FRA,GB,Nantes,25-266,1999,7,7,630,7.0,0,0,0,0,0,0,1,0,0.0,0.0,0.0,0.0,0,0,0,0.00,0.00,0.00,0.00,0.00,0.00,0.00,0.00,0.00,0.00
Kenny Lala,MAD,DF,Brest,33-012,1991,6,6,540,6.0,1,0,1,0,1,1,1,0,1.2,0.4,0.3,0.7,9,19,14,0.17,0.00,0.17,0.00,0.00,0.20,0.05,0.25,0.07,0.12
Mohamed Lamine Bayo,GUI,AT,Lille,26-133,1998,5,3,185,2.1,1,0,1,1,0,0,0,0,1.7,1.7,0.2,1.9,2,2,12,0.49,0.00,0.49,0.49,0.49,0.84,0.10,0.94,0.84,0.94
Gautier Larsonneur,FRA,GB,Saint-Étienne,27-235,1997,7,7,630,7.0,0,0,0,0,0,0,2,0,0.0,0.0,0.0,0.0,0,0,0,0.00,0.00,0.00,0.00,0.00,0.00,0.00,0.00,0.00,0.00
Julien Le Cardinal,FRA,DF,Brest,27-073,1997,5,5,433,4.8,0,0,0,0,0,0,0,0,0.2,0.2,0.0,0.3,1,10,0,0.00,0.00,0.00,0.00,0.00,0.05,0.01,0.06,0.05,0.06
Jérémy Le Douaron,FRA,AT,Brest,26-177,1998,2,1,102,1.1,0,0,0,0,0,0,0,0,0.2,0.2,0.0,0.2,1,1,7,0.00,0.00,0.00,0.00,0.00,0.14,0.00,0.14,0.14,0.14
Benjamin Lecomte,FRA,GB,Montpellier,33-172,1991,4,4,360,4.0,0,0,0,0,0,0,0,0,0.0,0.0,0.0,0.0,0,0,0,0.00,0.00,0.00,0.00,0.00,0.00,0.00,0.00,0.00,0.00
Pierre Lees-Melou,FRA,MT,Brest,31-143,1993,1,0,45,0.5,0,0,0,0,0,0,1,0,0.0,0.0,0.0,0.0,0,9,0,0.00,0.00,0.00,0.00,0.00,0.04,0.04,0.08,0.04,0.08
Jordan Lefort,FRA,DF,Angers,31-067,1993,7,7,630,7.0,0,0,0,0,0,0,1,0,0.0,0.0,0.8,0.8,1,27,4,0.00,0.00,0.00,0.00,0.00,0.01,0.11,0.12,0.01,0.12
Félix Lemaréchal,FRA,"AT,MT",Strasbourg,21-069,2003,3,1,84,0.9,0,0,0,0,0,0,0,0,0.0,0.0,0.0,0.0,2,0,3,0.00,0.00,0.00,0.00,0.00,0.00,0.02,0.02,0.00,0.02
Donovan Léon,GUF,GB,Auxerre,31-347,1992,7,7,630,7.0,0,1,1,0,0,0,0,0,0.0,0.0,0.1,0.1,0,0,0,0.00,0.14,0.14,0.00,0.14,0.00,0.01,0.01,0.00,0.01
Esteban Lepaul,FRA,AT,Angers,24-180,2000,3,1,118,1.3,0,0,0,0,0,0,0,0,0.0,0.0,0.0,0.0,1,0,5,0.00,0.00,0.00,0.00,0.00,0.04,0.00,0.04,0.04,0.04
Johann Lepenant,FRA,MT,Nantes,21-359,2002,6,5,444,4.9,2,1,3,2,0,0,0,0,0.3,0.3,0.7,1.0,9,19,17,0.41,0.20,0.61,0.41,0.61,0.06,0.13,0.19,0.06,0.19
Louis Leroux,FRA,"MT,AT",Nantes,18-266,2006,2,0,18,0.2,0,0,0,0,0,0,0,0,0.0,0.0,0.1,0.1,1,1,1,0.00,0.00,0.00,0.00,0.00,0.00,0.50,0.50,0.00,0.50
Pol Lirola,ESP,"DF,AT",Marseille,27-063,1997,3,1,133,1.5,1,1,2,1,0,0,0,0,0.4,0.4,0.1,0.5,1,0,6,0.68,0.68,1.35,0.68,1.35,0.25,0.06,0.31,0.25,0.31
Gautier Lloris,FRA,DF,Le Havre,29-089,1995,7,7,630,7.0,1,0,1,1,0,0,1,0,0.2,0.2,0.5,0.7,3,26,4,0.14,0.00,0.14,0.14,0.14,0.03,0.07,0.10,0.03,0.10
Jordan Lotomba,SUI,"MT,DF",Nice,26-016,1998,2,0,35,0.4,0,0,0,0,0,0,0,0,0.0,0.0,0.0,0.0,4,3,2,0.00,0.00,0.00,0.00,0.00,0.00,0.00,0.00,0.00,0.00
Tom Louchet,FRA,MT,Nice,21-164,2003,3,0,33,0.4,0,0,0,0,0,0,0,0,0.0,0.0,0.0,0.0,0,0,3,0.00,0.00,0.00,0.00,0.00,0.03,0.00,0.03,0.03,0.03
Othmane Maamma,FRA,AT,Montpellier,19-009,2005,1,0,11,0.1,0,0,0,0,0,0,0,0,0.0,0.0,0.0,0.0,0,0,1,0.00,0.00,0.00,0.00,0.00,0.00,0.00,0.00,0.00,0.00
Deiver Machado,COL,DF,Lens,31-043,1993,5,2,230,2.6,0,0,0,0,0,0,0,1,0.0,0.0,0.3,0.3,6,5,17,0.00,0.00,0.00,0.00,0.00,0.02,0.11,0.13,0.02,0.13
Yvann Macon,FRA,DF,Saint-Étienne,26-014,1998,2,2,148,1.6,0,0,0,0,0,0,1,0,0.0,0.0,0.0,0.1,5,9,13,0.00,0.00,0.00,0.00,0.00,0.02,0.03,0.05,0.02,0.05
Eros Maddy,NED,DF,Auxerre,23-253,2001,1,0,8,0.1,0,0,0,0,0,0,0,0,0.0,0.0,0.0,0.0,1,0,4,0.00,0.00,0.00,0.00,0.00,0.00,0.00,0.00,0.00,0.00
Soungoutou Magassa,FRA,MT,Monaco,21-007,2003,6,2,171,1.9,0,0,0,0,0,0,1,0,0.1,0.1,0.0,0.1,1,10,0,0.00,0.00,0.00,0.00,0.00,0.03,0.01,0.04,0.03,0.04
Hugo Magnetti,FRA,MT,Brest,26-138,1998,6,5,480,5.3,0,0,0,0,0,0,1,0,0.0,0.0,0.3,0.3,2,14,6,0.00,0.00,0.00,0.00,0.00,0.01,0.06,0.06,0.01,0.06
Frank Magri,CMR,"AT,MT",Toulouse,25-041,1999,6,4,278,3.1,0,0,0,0,0,0,1,1,0.4,0.4,0.1,0.6,3,6,17,0.00,0.00,0.00,0.00,0.00,0.14,0.04,0.18,0.14,0.18
Ainsley Maitland-Niles,ENG,"DF,MT",Lyon,27-047,1997,7,5,458,5.1,1,0,1,1,0,0,0,0,0.5,0.5,1.3,1.8,3,25,18,0.20,0.00,0.20,0.20,0.20,0.09,0.25,0.35,0.09,0.35
Hianga Mananga Mbock,FRA,MT,Brest,24-292,1999,1,0,21,0.2,0,0,0,0,0,0,0,0,0.0,0.0,0.0,0.0,0,0,0,0.00,0.00,0.00,0.00,0.00,0.07,0.00,0.07,0.07,0.07
Steve Mandanda,FRA,GB,Rennes,39-201,1985,7,7,630,7.0,0,0,0,0,0,0,0,0,0.0,0.0,0.1,0.1,0,0,1,0.00,0.00,0.00,0.00,0.00,0.00,0.02,0.02,0.00,0.02
Aïssa Mandi,ALG,DF,Lille,32-359,1991,4,4,316,3.5,0,0,0,0,0,0,0,0,0.0,0.0,0.0,0.0,4,20,8,0.00,0.00,0.00,0.00,0.00,0.00,0.00,0.00,0.00,0.00
Orel Mangala,BEL,MT,Lyon,26-211,1998,1,1,67,0.7,0,0,0,0,0,0,0,0,0.1,0.1,0.0,0.1,1,7,3,0.00,0.00,0.00,0.00,0.00,0.07,0.03,0.10,0.07,0.10
Sekou Mara,FRA,"AT,MT",Strasbourg,22-077,2002,6,0,120,1.3,0,0,0,0,0,0,1,0,0.2,0.2,0.1,0.2,1,2,6,0.00,0.00,0.00,0.00,0.00,0.12,0.05,0.17,0.12,0.17
Marquinhos,BRA,DF,Paris S-G,30-154,1994,6,5,448,5.0,0,0,0,0,0,0,1,0,0.3,0.3,0.0,0.3,11,35,1,0.00,0.00,0.00,0.00,0.00,0.06,0.01,0.07,0.06,0.07
Jonas Martin,FRA,"MT,AT",Brest,34-189,1990,7,3,274,3.0,0,0,0,0,0,0,1,0,0.1,0.1,0.3,0.4,4,10,3,0.00,0.00,0.00,0.00,0.00,0.04,0.10,0.14,0.04,0.14
Clinton Mata,ANG,DF,Lyon,31-343,1992,6,6,540,6.0,0,2,2,0,0,0,2,0,0.1,0.1,0.4,0.5,7,23,9,0.00,0.33,0.33,0.00,0.33,0.02,0.07,0.09,0.02,0.09
Eliot Matazo,BEL,MT,Monaco,22-243,2002,1,0,4,0.0,0,0,0,0,0,0,0,0,0.0,0.0,0.0,0.0,0,2,2,0.00,0.00,0.00,0.00,0.00,0.00,0.00,0.00,0.00,0.00
Nemanja Matić,SRB,MT,Lyon,36-075,1988,5,4,358,4.0,0,0,0,0,0,0,0,0,0.0,0.0,0.3,0.3,8,27,1,0.00,0.00,0.00,0.00,0.00,0.00,0.07,0.07,0.00,0.07
Azor Matusiwa,NED,MT,Rennes,26-170,1998,7,7,615,6.8,0,0,0,0,0,0,0,0,0.2,0.2,0.5,0.7,3,43,4,0.00,0.00,0.00,0.00,0.00,0.04,0.07,0.11,0.04,0.11
Neal Maupay,FRA,AT,Marseille,28-062,1996,5,2,155,1.7,1,0,1,1,0,0,3,1,0.4,0.4,0.1,0.5,2,2,12,0.58,0.00,0.58,0.58,0.58,0.23,0.08,0.32,0.23,0.32
Christian Mawissa,FRA,DF,Monaco,19-180,2005,2,2,163,1.8,0,0,0,0,0,0,0,0,0.0,0.0,0.0,0.0,2,3,0,0.00,0.00,0.00,0.00,0.00,0.00,0.00,0.00,0.00,0.00
Senny Mayulu,FRA,"MT,DF",Paris S-G,18-151,2006,4,0,48,0.5,0,0,0,0,0,0,0,0,0.1,0.1,0.1,0.3,2,2,5,0.00,0.00,0.00,0.00,0.00,0.23,0.26,0.49,0.23,0.49
Ethan Mbappé,FRA,"MT,AT",Lille,17-291,2006,3,1,77,0.9,0,0,0,0,0,0,1,0,0.7,0.7,0.0,0.7,1,4,9,0.00,0.00,0.00,0.00,0.00,0.86,0.00,0.86,0.86,0.86
Ibrahim Mbaye,FRA,"AT,MT",Paris S-G,16-265,2008,4,1,78,0.9,0,0,0,0,0,0,0,0,0.3,0.3,0.0,0.3,2,2,12,0.00,0.00,0.00,0.00,0.00,0.30,0.00,0.30,0.30,0.30
Mark McKenzie,USA,DF,Toulouse,25-233,1999,5,5,424,4.7,0,0,0,0,0,0,0,0,0.0,0.0,0.0,0.0,0,12,1,0.00,0.00,0.00,0.00,0.00,0.00,0.00,0.00,0.00,0.00
Facundo Medina,ARG,"DF,MT",Lens,25-140,1999,7,7,630,7.0,0,0,0,0,0,0,2,0,0.3,0.3,0.2,0.4,13,41,3,0.00,0.00,0.00,0.00,0.00,0.04,0.02,0.06,0.04,0.06
Henrik Meister,DEN,AT,Rennes,20-333,2003,4,0,63,0.7,1,0,1,1,0,0,0,0,0.1,0.1,0.3,0.3,2,1,4,1.43,0.00,1.43,1.43,1.43,0.09,0.37,0.45,0.09,0.45
Bamo Meïté,CIV,"DF,MT",Marseille,22-317,2001,3,0,26,0.3,0,0,0,0,0,0,0,0,0.0,0.0,0.0,0.0,0,0,0,0.00,0.00,0.00,0.00,0.00,0.00,0.00,0.00,0.00,0.00
Farid El Melali,ALG,"AT,DF",Angers,27-163,1997,6,4,389,4.3,1,1,2,1,0,0,1,0,0.7,0.7,0.3,1.1,10,6,21,0.23,0.23,0.46,0.23,0.46,0.17,0.07,0.24,0.17,0.24
Nuno Mendes,POR,DF,Paris S-G,22-118,2002,4,3,250,2.8,0,1,1,0,0,0,1,0,0.2,0.2,0.7,0.9,10,23,13,0.00,0.36,0.36,0.00,0.36,0.06,0.26,0.31,0.06,0.31
Antoine Mendy,FRA,"DF,MT",Nice,20-141,2004,5,3,285,3.2,0,0,0,0,0,0,1,0,0.4,0.4,0.0,0.4,2,6,3,0.00,0.00,0.00,0.00,0.00,0.13,0.00,0.13,0.13,0.13
Nampalys Mendy,SEN,MT,Lens,32-114,1992,3,1,92,1.0,0,0,0,0,0,0,0,0,0.0,0.0,0.0,0.0,0,6,0,0.00,0.00,0.00,0.00,0.00,0.00,0.00,0.00,0.00,0.00
Gideon Mensah,GHA,DF,Auxerre,26-089,1998,2,1,115,1.3,0,0,0,0,0,0,0,0,0.0,0.0,0.0,0.1,3,4,5,0.00,0.00,0.00,0.00,0.00,0.03,0.02,0.05,0.03,0.05
Quentin Merlin,FRA,"DF,MT",Marseille,22-152,2002,3,3,270,3.0,0,1,1,0,0,0,1,0,0.1,0.1,0.3,0.4,3,14,25,0.00,0.33,0.33,0.00,0.33,0.03,0.11,0.14,0.03,0.14
Thomas Meunier,BEL,DF,Lille,33-033,1991,7,4,331,3.7,1,0,1,1,0,0,0,0,0.6,0.6,0.0,0.7,11,28,21,0.27,0.00,0.27,0.27,0.27,0.18,0.01,0.18,0.18,0.18
Georges Mikautadze,GEO,AT,Lyon,23-350,2000,7,3,347,3.9,0,0,0,0,0,1,0,0,2.6,1.7,0.1,1.8,9,18,40,0.00,0.00,0.00,0.00,0.00,0.67,0.02,0.69,0.44,0.46
Takumi Minamino,JPN,MT,Monaco,29-273,1995,6,5,442,4.9,1,1,2,1,0,0,1,0,1.1,1.1,2.2,3.3,5,20,26,0.20,0.20,0.41,0.20,0.41,0.22,0.44,0.66,0.22,0.66
Lucas Mincarelli,FRA,DF,Montpellier,20-284,2004,3,3,216,2.4,0,0,0,0,0,0,0,0,0.0,0.0,0.2,0.2,5,11,10,0.00,0.00,0.00,0.00,0.00,0.00,0.09,0.09,0.00,0.09
Mostafa Mohamed,EGY,"AT,MT",Nantes,26-322,1997,6,0,114,1.3,1,0,1,1,0,0,1,0,0.6,0.6,0.1,0.8,3,4,8,0.79,0.00,0.79,0.79,0.79,0.51,0.09,0.60,0.51,0.60
Florent Mollet,FRA,"MT,AT",Nantes,32-331,1991,2,0,28,0.3,0,0,0,0,0,0,0,0,0.1,0.1,0.1,0.2,1,3,1,0.00,0.00,0.00,0.00,0.00,0.42,0.25,0.68,0.42,0.68
Diego Moreira,POR,"DF,AT",Strasbourg,20-070,2004,7,5,466,5.2,1,1,2,1,0,0,1,0,0.3,0.3,1.2,1.5,17,16,29,0.19,0.19,0.39,0.19,0.39,0.06,0.22,0.29,0.06,0.29
Aimen Moueffek,FRA,MT,Saint-Étienne,23-189,2001,5,4,308,3.4,0,0,0,0,0,0,0,0,0.0,0.0,0.1,0.1,3,11,3,0.00,0.00,0.00,0.00,0.00,0.00,0.03,0.04,0.00,0.04
Youssoufa Moukoko,GER,"AT,MT",Nice,19-330,2004,4,1,111,1.2,2,1,3,2,0,0,0,0,2.2,2.2,0.6,2.7,0,1,8,1.62,0.81,2.43,1.62,2.43,1.73,0.44,2.17,1.73,2.17
Louis Mouton,FRA,"MT,DF",Saint-Étienne,22-134,2002,3,0,52,0.6,0,0,0,0,0,0,0,0,0.0,0.0,0.1,0.1,0,6,1,0.00,0.00,0.00,0.00,0.00,0.03,0.20,0.24,0.03,0.24
Ngal'Ayel Mukau,,MT,Lille,19-320,2004,3,1,130,1.4,0,0,0,0,0,0,2,0,0.0,0.0,0.0,0.0,3,15,3,0.00,0.00,0.00,0.00,0.00,0.01,0.02,0.03,0.01,0.03
Marshall Munetsi,ZIM,MT,Reims,28-115,1996,7,7,623,6.9,3,0,3,3,0,0,2,0,2.7,2.7,0.2,2.8,5,12,19,0.43,0.00,0.43,0.43,0.43,0.38,0.02,0.41,0.38,0.41
Junior Mwanga,FRA,MT,Strasbourg,21-157,2003,5,1,150,1.7,0,0,0,0,0,0,0,0,0.0,0.0,0.0,0.0,1,4,2,0.00,0.00,0.00,0.00,0.00,0.00,0.01,0.01,0.00,0.01
Mickael Nade,FRA,DF,Saint-Étienne,25-225,1999,3,2,236,2.6,0,0,0,0,0,0,1,0,0.0,0.0,0.0,0.0,4,6,0,0.00,0.00,0.00,0.00,0.00,0.00,0.01,0.01,0.00,0.01
Mahamadou Nagida,CMR,"MT,DF",Rennes,19-109,2005,3,0,33,0.4,0,0,0,0,0,0,0,0,0.0,0.0,0.1,0.2,7,3,3,0.00,0.00,0.00,0.00,0.00,0.08,0.34,0.42,0.08,0.42
Keito Nakamura,JPN,AT,Reims,24-079,2000,7,6,483,5.4,4,1,5,4,0,0,1,0,1.3,1.3,0.7,2.0,16,17,37,0.75,0.19,0.93,0.75,0.93,0.24,0.14,0.37,0.24,0.37
Sebastian Nanasi,SWE,"AT,MT",Strasbourg,22-152,2002,6,5,405,4.5,3,2,5,3,0,0,0,0,2.8,2.8,1.3,4.1,13,21,20,0.67,0.44,1.11,0.67,1.11,0.63,0.29,0.92,0.63,0.92
Youssouf Ndayishimiye,BDI,DF,Nice,25-354,1998,6,5,417,4.6,1,0,1,1,0,0,0,0,0.2,0.2,0.0,0.2,6,17,3,0.22,0.00,0.22,0.22,0.22,0.04,0.01,0.05,0.04,0.05
Rassoul Ndiaye,SEN,MT,Le Havre,22-309,2001,6,4,301,3.3,1,0,1,1,0,0,1,0,1.0,1.0,0.2,1.2,0,9,7,0.30,0.00,0.30,0.30,0.30,0.29,0.07,0.36,0.29,0.36
Tanguy Ndombele,FRA,MT,Nice,27-292,1996,6,6,514,5.7,1,1,2,1,0,0,0,0,0.4,0.4,1.3,1.6,8,28,12,0.18,0.18,0.35,0.18,0.35,0.07,0.22,0.29,0.07,0.29
Loïc Nego,HUN,"DF,AT",Le Havre,33-274,1991,7,6,520,5.8,0,0,0,0,0,0,0,0,0.2,0.2,0.2,0.4,14,18,36,0.00,0.00,0.00,0.00,0.00,0.04,0.03,0.07,0.04,0.07
João Neves,POR,MT,Paris S-G,20-018,2004,7,6,525,5.8,0,5,5,0,0,0,0,0,0.5,0.5,1.8,2.3,13,47,26,0.00,0.86,0.86,0.00,0.86,0.08,0.31,0.40,0.08,0.40
Mikayil Ngor Faye,SEN,DF,Rennes,20-093,2004,2,1,95,1.1,0,0,0,0,0,0,0,0,0.1,0.1,0.0,0.1,1,4,0,0.00,0.00,0.00,0.00,0.00,0.05,0.02,0.07,0.05,0.07
Steve Ngoura,FRA,AT,Le Havre,19-236,2005,3,0,60,0.7,0,0,0,0,0,0,0,0,0.3,0.3,0.2,0.5,0,1,4,0.00,0.00,0.00,0.00,0.00,0.45,0.34,0.79,0.45,0.79
Moussa Niakhate,SEN,DF,Lyon,28-221,1996,5,5,450,5.0,0,0,0,0,0,0,0,0,0.0,0.0,0.2,0.2,5,13,2,0.00,0.00,0.00,0.00,0.00,0.01,0.04,0.04,0.01,0.04
Abdoulaye Niakhate Ndiaye,SEN,DF,Brest,22-188,2002,2,2,146,1.6,0,0,0,0,0,0,1,0,0.1,0.1,0.0,0.1,0,1,0,0.00,0.00,0.00,0.00,0.00,0.05,0.00,0.05,0.05,0.05
Ibrahima Niane,SEN,"AT,MT",Angers,25-218,1999,4,1,111,1.2,0,0,0,0,0,0,0,0,1.0,1.0,0.1,1.0,3,1,9,0.00,0.00,0.00,0.00,0.00,0.78,0.06,0.85,0.78,0.85
Rasmus Nicolaisen,DEN,DF,Toulouse,27-213,1997,7,7,623,6.9,0,1,1,0,0,0,0,0,0.4,0.4,0.2,0.7,3,27,2,0.00,0.14,0.14,0.00,0.14,0.06,0.03,0.10,0.06,0.10
Arnaud Nordin,FRA,AT,Montpellier,26-120,1998,6,6,497,5.5,2,0,2,2,0,0,1,0,0.6,0.6,0.3,1.0,18,11,52,0.36,0.00,0.36,0.36,0.36,0.11,0.06,0.18,0.11,0.18
Ernest Nuamah,GHA,"AT,DF",Lyon,20-349,2003,4,2,133,1.5,0,0,0,0,0,0,0,0,0.8,0.8,0.0,0.8,11,7,17,0.00,0.00,0.00,0.00,0.00,0.52,0.00,0.52,0.52,0.52
Rabby Nzingoula,CGO,MT,Montpellier,18-325,2005,4,3,293,3.3,1,0,1,1,0,0,3,0,0.5,0.5,0.0,0.5,6,9,11,0.31,0.00,0.31,0.31,0.31,0.16,0.00,0.16,0.16,0.16
M'Bala Nzola,ANG,AT,Lens,28-058,1996,3,2,202,2.2,2,0,2,2,0,0,1,0,1.6,1.6,0.3,1.8,4,1,19,0.89,0.00,0.89,0.89,0.89,0.70,0.12,0.82,0.70,0.82
Marwann Nzuzi,FRA,DF,Saint-Étienne,20-152,2004,2,2,125,1.4,0,0,0,0,0,0,2,0,0.0,0.0,0.1,0.1,2,2,5,0.00,0.00,0.00,0.00,0.00,0.02,0.05,0.08,0.02,0.08
Hamzat Ojediran,NGA,MT,Lens,20-336,2003,3,0,105,1.2,0,0,0,0,0,0,1,0,0.1,0.1,0.1,0.3,1,6,0,0.00,0.00,0.00,0.00,0.00,0.11,0.12,0.23,0.11,0.23
Joseph Okumu,KEN,DF,Reims,27-142,1997,3,3,270,3.0,0,0,0,0,0,0,1,0,0.0,0.0,0.0,0.0,0,6,1,0.00,0.00,0.00,0.00,0.00,0.00,0.01,0.01,0.00,0.01
Ben Old,NZL,"MT,AT",Saint-Étienne,22-063,2002,6,4,376,4.2,0,0,0,0,0,0,0,0,0.8,0.8,0.7,1.5,10,7,19,0.00,0.00,0.00,0.00,0.00,0.20,0.16,0.36,0.20,0.36
Becir Omeragic,SUI,DF,Montpellier,22-269,2002,5,5,429,4.8,0,0,0,0,0,0,1,0,0.0,0.0,0.0,0.0,5,13,0,0.00,0.00,0.00,0.00,0.00,0.00,0.00,0.00,0.00,0.00
Ado Onaiwu,JPN,"AT,MT",Auxerre,28-342,1995,6,4,327,3.6,1,0,1,1,0,0,0,1,1.8,1.8,0.3,2.1,2,10,32,0.28,0.00,0.28,0.28,0.28,0.49,0.08,0.57,0.49,0.57
Christopher Operi,CIV,"DF,AT",Le Havre,27-169,1997,6,6,540,6.0,0,2,2,0,0,0,0,0,0.1,0.1,1.2,1.4,9,23,24,0.00,0.33,0.33,0.00,0.33,0.02,0.21,0.23,0.02,0.23
Victor Orakpo,NGA,AT,Nice,18-123,2006,3,0,29,0.3,0,0,0,0,0,0,0,0,0.3,0.3,0.0,0.3,1,0,3,0.00,0.00,0.00,0.00,0.00,1.01,0.00,1.01,1.01,1.01
Gift Orban,NGA,"AT,DF",Lyon,22-090,2002,3,2,186,2.1,2,0,2,2,0,0,1,0,1.2,1.2,0.0,1.2,1,2,12,0.97,0.00,0.97,0.97,0.97,0.59,0.01,0.60,0.59,0.60
Gabriel Osho,NGA,DF,Auxerre,26-062,1998,7,7,575,6.4,0,0,0,0,0,0,1,0,0.4,0.4,0.0,0.4,6,17,0,0.00,0.00,0.00,0.00,0.00,0.07,0.00,0.07,0.07,0.07
Jibril Othman,TUN,AT,Saint-Étienne,20-172,2004,1,0,5,0.1,0,0,0,0,0,0,0,0,0.0,0.0,0.0,0.0,0,0,0,0.00,0.00,0.00,0.00,0.00,0.00,0.00,0.00,0.00,0.00
Kassoum Ouattara,FRA,"DF,AT",Monaco,20-001,2004,4,2,162,1.8,0,1,1,0,0,0,1,0,0.2,0.2,0.2,0.4,5,10,10,0.00,0.56,0.56,0.00,0.56,0.09,0.13,0.21,0.09,0.21
Zinédine Ould Khaled,FRA,MT,Angers,24-275,2000,2,1,57,0.6,0,0,0,0,0,0,1,0,0.0,0.0,0.0,0.0,0,2,2,0.00,0.00,0.00,0.00,0.00,0.00,0.00,0.00,0.00,0.00
Beres Owusu,FRA,DF,Saint-Étienne,21-026,2003,1,1,90,1.0,0,0,0,0,0,0,0,0,0.0,0.0,0.0,0.0,0,3,0,0.00,0.00,0.00,0.00,0.00,0.00,0.03,0.03,0.00,0.03
Elisha Owusu,GHA,MT,Auxerre,26-343,1997,7,7,597,6.6,1,1,2,1,0,0,3,0,0.2,0.2,0.5,0.8,1,23,8,0.15,0.15,0.30,0.15,0.30,0.04,0.08,0.12,0.04,0.12
Willian Pacho,ECU,DF,Paris S-G,22-365,2001,7,6,568,6.3,0,0,0,0,0,0,1,0,0.1,0.1,0.0,0.1,3,16,1,0.00,0.00,0.00,0.00,0.00,0.01,0.00,0.01,0.01,0.01
Nicolas Pallois,FRA,DF,Nantes,37-026,1987,5,4,361,4.0,0,0,0,0,0,0,2,0,0.0,0.0,0.0,0.0,0,5,0,0.00,0.00,0.00,0.00,0.00,0.00,0.01,0.01,0.00,0.01
Kévin Pedro,FRA,DF,Saint-Étienne,18-237,2006,1,0,10,0.1,0,0,0,0,0,0,0,0,0.0,0.0,0.0,0.0,2,0,1,0.00,0.00,0.00,0.00,0.00,0.00,0.00,0.00,0.00,0.00
Théo Pellenard,FRA,DF,Auxerre,30-225,1994,2,0,45,0.5,0,0,0,0,0,0,0,0,0.0,0.0,0.0,0.0,1,1,1,0.00,0.00,0.00,0.00,0.00,0.00,0.00,0.00,0.00,0.00
Faris Pemi Moumbagna,CMR,AT,Marseille,24-106,2000,1,0,8,0.1,0,0,0,0,0,0,0,0,0.0,0.0,0.0,0.0,0,0,0,0.00,0.00,0.00,0.00,0.00,0.00,0.00,0.00,0.00,0.00
Mathias Pereira Lage,POR,"MT,AT",Brest,27-320,1996,6,3,266,3.0,0,1,1,0,0,0,2,0,0.2,0.2,0.3,0.5,3,9,13,0.00,0.34,0.34,0.00,0.34,0.07,0.09,0.16,0.07,0.16
Lucas Perri,BRA,GB,Lyon,26-310,1997,7,7,630,7.0,0,0,0,0,0,0,0,0,0.0,0.0,0.0,0.0,0,0,0,0.00,0.00,0.00,0.00,0.00,0.00,0.00,0.00,0.00,0.00
Gaëtan Perrin,FRA,"MT,AT",Auxerre,28-130,1996,7,4,364,4.0,1,1,2,1,0,0,1,0,0.3,0.3,1.9,2.2,14,20,25,0.25,0.25,0.49,0.25,0.49,0.08,0.46,0.54,0.08,0.54
Léo Pétrot,FRA,DF,Saint-Étienne,27-183,1997,4,2,239,2.7,0,1,1,0,0,0,1,0,0.0,0.0,0.2,0.2,1,4,6,0.00,0.38,0.38,0.00,0.38,0.00,0.06,0.06,0.00,0.06
Đorđe Petrović,SRB,GB,Strasbourg,25-007,1999,4,4,360,4.0,0,0,0,0,0,0,0,0,0.0,0.0,0.0,0.0,0,0,0,0.00,0.00,0.00,0.00,0.00,0.00,0.00,0.00,0.00,0.00
Adrien Rabiot,FRA,"MT,DF",Marseille,29-195,1995,2,0,55,0.6,0,0,0,0,0,0,1,0,0.0,0.0,0.2,0.2,3,9,5,0.00,0.00,0.00,0.00,0.00,0.00,0.33,0.33,0.00,0.33
Gonçalo Ramos,POR,AT,Paris S-G,23-117,2001,1,1,19,0.2,0,1,1,0,0,0,0,0,0.0,0.0,0.1,0.1,0,1,0,0.00,4.74,4.74,0.00,4.74,0.00,0.35,0.35,0.00,0.35
Lilian Raolisoa,FRA,DF,Angers,24-121,2000,6,1,103,1.1,0,0,0,0,0,0,0,1,0.0,0.0,0.0,0.1,2,9,4,0.00,0.00,0.00,0.00,0.00,0.04,0.03,0.07,0.04,0.07
Rayan Raveloson,MAD,"MT,DF",Auxerre,27-273,1997,6,4,395,4.4,1,0,1,1,0,0,1,0,0.6,0.6,0.1,0.7,4,26,8,0.23,0.00,0.23,0.23,0.23,0.14,0.02,0.16,0.14,0.16
Guillaume Restes,FRA,GB,Toulouse,19-218,2005,7,7,630,7.0,0,0,0,0,0,0,0,0,0.0,0.0,0.0,0.0,0,0,0,0.00,0.00,0.00,0.00,0.00,0.00,0.00,0.00,0.00,0.00
Alexsandro Ribeiro,BRA,DF,Lille,25-067,1999,6,6,540,6.0,0,0,0,0,0,0,2,0,0.2,0.2,0.1,0.3,7,41,2,0.00,0.00,0.00,0.00,0.00,0.04,0.01,0.05,0.04,0.05
Valentin Rongier,FRA,"DF,MT",Marseille,29-313,1994,4,1,160,1.8,0,0,0,0,0,0,1,0,0.3,0.3,0.0,0.3,3,5,2,0.00,0.00,0.00,0.00,0.00,0.15,0.00,0.15,0.15,0.15
Pablo Rosario,NED,"MT,DF",Nice,27-282,1997,7,5,444,4.9,1,0,1,0,1,1,1,0,1.6,0.8,0.1,0.9,1,13,4,0.20,0.00,0.20,0.00,0.00,0.32,0.02,0.33,0.16,0.17
Jon Rowe,ENG,"AT,MT",Marseille,21-168,2003,6,0,154,1.7,2,0,2,2,0,0,1,0,0.8,0.8,0.3,1.1,5,3,9,1.17,0.00,1.17,1.17,1.17,0.50,0.18,0.68,0.50,0.68
Fabián Ruiz Peña,ESP,MT,Paris S-G,28-195,1996,6,3,305,3.4,1,0,1,1,0,0,0,0,0.5,0.5,0.3,0.8,7,30,20,0.30,0.00,0.30,0.30,0.30,0.16,0.08,0.25,0.16,0.25
Gerónimo Rulli,ARG,GB,Marseille,32-148,1992,7,7,630,7.0,0,0,0,0,0,0,0,0,0.0,0.0,0.0,0.0,0,0,0,0.00,0.00,0.00,0.00,0.00,0.00,0.00,0.00,0.00,0.00
Emmanuel Sabbi,USA,"MT,AT",Le Havre,26-296,1997,5,1,156,1.7,0,0,0,0,0,0,0,0,0.4,0.4,0.0,0.4,2,3,13,0.00,0.00,0.00,0.00,0.00,0.25,0.00,0.25,0.25,0.25
Falaye Sacko,MLI,DF,Montpellier,29-167,1995,7,7,585,6.5,0,1,1,0,0,0,1,0,0.0,0.0,0.1,0.1,7,31,22,0.00,0.15,0.15,0.00,0.15,0.00,0.02,0.02,0.00,0.02
Matvei Safonov,RUS,GB,Paris S-G,25-233,1999,2,2,180,2.0,0,0,0,0,0,0,0,0,0.0,0.0,0.0,0.0,0,0,0,0.00,0.00,0.00,0.00,0.00,0.00,0.00,0.00,0.00,0.00
Modibo Sagnan,MLI,DF,Montpellier,25-184,1999,7,7,630,7.0,1,0,1,1,0,0,3,0,0.5,0.5,0.1,0.5,6,14,2,0.14,0.00,0.14,0.14,0.14,0.07,0.01,0.07,0.07,0.07
Osame Sahraoui,NOR,"MT,AT",Lille,23-126,2001,7,4,420,4.7,0,3,3,0,0,0,0,0,0.4,0.4,2.1,2.4,27,28,54,0.00,0.64,0.64,0.00,0.64,0.08,0.44,0.52,0.08,0.52
Wesley Saïd,FRA,"AT,MT",Lens,29-179,1995,6,5,349,3.9,1,0,1,1,0,0,2,0,1.9,1.9,0.2,2.2,4,11,19,0.26,0.00,0.26,0.26,0.26,0.50,0.06,0.56,0.50,0.56
Ibrahim Salah,MAR,AT,Brest,23-046,2001,4,1,128,1.4,1,0,1,1,0,0,0,0,0.2,0.2,0.2,0.4,8,1,15,0.70,0.00,0.70,0.70,0.70,0.14,0.11,0.26,0.14,0.26
Amine Salama,FRA,"AT,MT",Reims,24-089,2000,6,0,102,1.1,0,0,0,0,0,0,0,0,0.0,0.0,0.1,0.1,4,3,7,0.00,0.00,0.00,0.00,0.00,0.02,0.07,0.09,0.02,0.09
Mohammed Salisu,GHA,DF,Monaco,25-181,1999,5,4,368,4.1,0,0,0,0,0,0,2,0,0.3,0.3,0.0,0.3,6,29,2,0.00,0.00,0.00,0.00,0.00,0.07,0.01,0.08,0.07,0.08
Yoann Salmier,GUF,DF,Le Havre,31-329,1992,4,3,259,2.9,0,0,0,0,0,0,1,0,0.0,0.0,0.0,0.0,1,3,0,0.00,0.00,0.00,0.00,0.00,0.00,0.00,0.00,0.00,0.00
Mama Samba Baldé,GNB,AT,Lyon,28-344,1995,2,0,33,0.4,0,0,0,0,0,0,0,0,0.1,0.1,0.0,0.1,1,1,2,0.00,0.00,0.00,0.00,0.00,0.31,0.00,0.31,0.31,0.31
Mama Samba Baldé,GNB,AT,Brest,28-344,1995,4,2,174,1.9,1,1,2,1,0,0,0,0,0.4,0.4,0.7,1.0,5,2,15,0.52,0.52,1.03,0.52,1.03,0.18,0.35,0.53,0.18,0.53
Brice Samba,FRA,GB,Lens,30-173,1994,7,7,630,7.0,0,0,0,0,0,0,0,0,0.0,0.0,0.0,0.0,0,1,0,0.00,0.00,0.00,0.00,0.00,0.00,0.00,0.00,0.00,0.00
Arouna Sangante,SEN,DF,Le Havre,22-186,2002,6,6,518,5.8,1,0,1,1,0,0,2,0,0.2,0.2,0.1,0.3,6,20,1,0.17,0.00,0.17,0.17,0.17,0.04,0.01,0.05,0.04,0.05
Nhoa Sangui,FRA,DF,Reims,18-231,2006,7,4,436,4.8,0,1,1,0,0,0,0,0,0.1,0.1,0.2,0.3,3,14,23,0.00,0.21,0.21,0.00,0.21,0.02,0.04,0.06,0.02,0.06
Baptiste Santamaria,FRA,MT,Rennes,29-220,1995,5,3,273,3.0,0,1,1,0,0,0,1,0,0.1,0.1,0.2,0.3,0,17,0,0.00,0.33,0.33,0.00,0.33,0.03,0.07,0.10,0.03,0.10
Andrey Santos,BRA,MT,Strasbourg,20-165,2004,6,6,522,5.8,3,0,3,3,0,0,1,0,1.9,1.9,0.7,2.6,8,27,8,0.52,0.00,0.52,0.52,0.52,0.33,0.12,0.46,0.33,0.46
Tiago Santos,POR,DF,Lille,22-084,2002,7,4,404,4.5,0,0,0,0,0,0,1,0,0.4,0.4,0.6,1.0,24,17,43,0.00,0.00,0.00,0.00,0.00,0.09,0.13,0.22,0.09,0.22
Malang Sarr,FRA,DF,Lens,25-266,1999,1,1,90,1.0,0,0,0,0,0,0,0,0,0.0,0.0,0.0,0.0,0,2,1,0.00,0.00,0.00,0.00,0.00,0.02,0.00,0.02,0.02,0.02
Mamadou Sarr,FRA,DF,Strasbourg,19-047,2005,2,2,162,1.8,0,0,0,0,0,0,0,0,0.0,0.0,0.0,0.0,0,2,0,0.00,0.00,0.00,0.00,0.00,0.00,0.02,0.02,0.00,0.02
Martin Satriano,URU,"AT,DF",Lens,23-238,2001,4,0,41,0.5,0,0,0,0,0,0,0,0,0.3,0.3,0.1,0.5,2,1,11,0.00,0.00,0.00,0.00,0.00,0.71,0.26,0.98,0.71,0.98
Téji Savanier,FRA,MT,Montpellier,32-298,1991,7,7,619,6.9,1,2,3,0,1,1,1,0,1.1,0.3,2.4,2.7,7,56,32,0.15,0.29,0.44,0.00,0.29,0.16,0.35,0.51,0.05,0.40
Niklas Schmidt,GER,MT,Toulouse,26-228,1998,4,2,145,1.6,0,0,0,0,0,0,0,0,0.1,0.1,0.3,0.3,2,14,1,0.00,0.00,0.00,0.00,0.00,0.04,0.17,0.21,0.04,0.21
Jérémy Sebas,MTQ,"AT,MT",Strasbourg,21-184,2003,5,0,18,0.2,0,0,0,0,0,0,0,0,0.0,0.0,0.0,0.0,1,2,1,0.00,0.00,0.00,0.00,0.00,0.22,0.00,0.22,0.22,0.22
Alidu Seidu,GHA,DF,Rennes,24-133,2000,7,6,529,5.9,0,0,0,0,0,0,2,0,0.1,0.1,0.1,0.2,17,26,15,0.00,0.00,0.00,0.00,0.00,0.02,0.02,0.04,0.02,0.04
Marvin Senaya,TOG,DF,Strasbourg,23-261,2001,5,0,104,1.2,0,0,0,0,0,0,2,0,0.0,0.0,0.1,0.1,1,3,1,0.00,0.00,0.00,0.00,0.00,0.01,0.12,0.13,0.01,0.13
Djibril Sidibé,FRA,DF,Toulouse,32-078,1992,7,4,372,4.1,0,1,1,0,0,0,1,0,0.2,0.2,1.5,1.7,1,19,10,0.00,0.24,0.24,0.00,0.24,0.05,0.37,0.42,0.05,0.42
Vincent Sierro,SUI,MT,Toulouse,29-007,1995,7,6,556,6.2,0,1,1,0,0,0,1,0,0.1,0.1,1.8,1.9,1,42,5,0.00,0.16,0.16,0.00,0.16,0.01,0.29,0.31,0.01,0.31
Caio Henrique Oliveira Silva,BRA,DF,Monaco,27-076,1997,4,3,282,3.1,0,1,1,0,0,0,0,0,0.0,0.0,1.0,1.0,9,17,20,0.00,0.32,0.32,0.00,0.32,0.00,0.31,0.31,0.00,0.31
Abdallah Sima,SEN,"AT,MT",Brest,23-120,2001,5,3,234,2.6,0,1,1,0,0,0,0,0,0.3,0.3,0.2,0.5,5,7,18,0.00,0.38,0.38,0.00,0.38,0.12,0.09,0.21,0.12,0.21
Moses Simon,NGA,AT,Nantes,29-095,1995,7,7,576,6.4,2,2,4,1,1,1,0,0,1.9,1.1,1.4,2.5,42,16,62,0.31,0.31,0.62,0.16,0.47,0.30,0.22,0.52,0.18,0.40
Lassine Sinayoko,MLI,"AT,MT",Auxerre,24-312,1999,7,7,592,6.6,0,1,1,0,0,0,2,0,1.1,1.1,1.3,2.4,19,21,61,0.00,0.15,0.15,0.00,0.15,0.16,0.19,0.36,0.16,0.36
Wilfried Singo,CIV,DF,Monaco,23-295,2000,6,4,366,4.1,0,1,1,0,0,0,0,0,0.1,0.1,0.1,0.2,5,18,1,0.00,0.25,0.25,0.00,0.25,0.03,0.02,0.05,0.03,0.05
Ibrahim Sissoko,MLI,AT,Saint-Étienne,28-323,1995,7,5,461,5.1,2,1,3,1,1,1,0,0,2.0,1.2,0.5,1.7,8,4,24,0.39,0.20,0.59,0.20,0.39,0.38,0.10,0.48,0.23,0.33
Leo Skiri Østigård,NOR,DF,Rennes,24-322,1999,6,5,426,4.7,1,0,1,1,0,0,2,0,0.4,0.4,0.0,0.4,1,23,0,0.21,0.00,0.21,0.21,0.21,0.09,0.00,0.09,0.09,0.09
Milan Škriniar,SVK,DF,Paris S-G,29-247,1995,2,1,112,1.2,0,0,0,0,0,0,0,0,0.0,0.0,0.0,0.0,2,6,0,0.00,0.00,0.00,0.00,0.00,0.00,0.00,0.00,0.00,0.00
Naatan Skyttä,FIN,AT,Toulouse,22-161,2002,1,0,5,0.1,0,0,0,0,0,0,0,0,0.0,0.0,0.0,0.0,0,0,0,0.00,0.00,0.00,0.00,0.00,0.00,0.00,0.00,0.00,0.00
Florian Sotoca,FRA,AT,Lens,33-356,1990,6,5,416,4.6,0,0,0,0,0,0,1,0,1.8,1.8,0.3,2.1,8,23,43,0.00,0.00,0.00,0.00,0.00,0.40,0.07,0.46,0.40,0.46
Issa Soumaré,SEN,"AT,MT",Le Havre,24-005,2000,6,4,343,3.8,0,0,0,0,0,0,0,0,0.9,0.9,0.2,1.1,8,6,28,0.00,0.00,0.00,0.00,0.00,0.23,0.06,0.29,0.23,0.29
Saidou Sow,GUI,DF,Strasbourg,22-103,2002,7,7,613,6.8,0,1,1,0,0,0,1,0,0.3,0.3,0.2,0.4,0,3,2,0.00,0.15,0.15,0.00,0.15,0.04,0.02,0.06,0.04,0.06
Lucas Stassin,BEL,AT,Saint-Étienne,19-322,2004,4,2,151,1.7,0,1,1,0,0,0,0,0,0.7,0.7,0.6,1.2,5,3,10,0.00,0.60,0.60,0.00,0.60,0.41,0.33,0.74,0.41,0.74
Enzo Sternal,FRA,AT,Marseille,17-140,2007,1,0,12,0.1,0,0,0,0,0,0,0,0,0.0,0.0,0.0,0.0,0,0,0,0.00,0.00,0.00,0.00,0.00,0.00,0.00,0.00,0.00,0.00
Gabriel Suazo,CHI,DF,Toulouse,27-067,1997,7,3,356,4.0,0,0,0,0,0,0,0,0,0.0,0.0,0.1,0.1,3,19,23,0.00,0.00,0.00,0.00,0.00,0.00,0.04,0.04,0.00,0.04
Abakar Sylla,CIV,DF,Strasbourg,21-295,2002,7,5,392,4.4,1,0,1,1,0,0,2,0,0.3,0.3,0.0,0.3,0,4,2,0.23,0.00,0.23,0.23,0.23,0.07,0.00,0.07,0.07,0.07
Issiaga Sylla,GUI,"DF,AT",Montpellier,30-288,1994,3,1,19,0.2,0,0,0,0,0,0,0,0,0.0,0.0,0.0,0.0,0,0,3,0.00,0.00,0.00,0.00,0.00,0.00,0.00,0.00,0.00,0.00
Musa Al-Taamari,JOR,AT,Montpellier,27-127,1997,3,2,175,1.9,0,0,0,0,0,0,1,0,0.2,0.2,0.0,0.2,7,5,9,0.00,0.00,0.00,0.00,0.00,0.08,0.01,0.09,0.08,0.09
Nicolás Tagliafico,ARG,DF,Lyon,32-045,1992,2,2,180,2.0,1,0,1,1,0,0,1,0,0.6,0.6,0.1,0.7,4,13,4,0.50,0.00,0.50,0.50,0.50,0.29,0.05,0.35,0.29,0.35
Florian Tardieu,FRA,MT,Saint-Étienne,32-176,1992,5,2,165,1.8,0,0,0,0,0,0,0,0,0.0,0.0,0.0,0.0,0,10,1,0.00,0.00,0.00,0.00,0.00,0.01,0.00,0.01,0.01,0.01
Oussama Targhalline,MAR,MT,Le Havre,22-148,2002,5,4,325,3.6,0,0,0,0,0,0,0,0,0.1,0.1,0.3,0.4,7,24,9,0.00,0.00,0.00,0.00,0.00,0.02,0.09,0.11,0.02,0.11
Enzo Tchato,CMR,DF,Montpellier,21-327,2002,7,3,455,5.1,0,0,0,0,0,0,0,0,0.0,0.0,0.1,0.1,7,15,25,0.00,0.00,0.00,0.00,0.00,0.00,0.03,0.03,0.00,0.03
Tanner Tessmann,USA,MT,Lyon,23-021,2001,4,1,90,1.0,0,0,0,0,0,0,0,0,0.0,0.0,0.0,0.0,0,3,3,0.00,0.00,0.00,0.00,0.00,0.00,0.00,0.00,0.00,0.00
Teddy Teuma,MLT,MT,Reims,31-015,1993,5,1,139,1.5,1,0,1,0,1,1,1,0,1.0,0.2,0.3,0.5,2,6,7,0.65,0.00,0.65,0.00,0.00,0.67,0.17,0.84,0.16,0.33
Jordan Teze,NED,DF,Monaco,25-015,1999,5,2,166,1.8,1,0,1,1,0,0,0,0,1.0,1.0,0.1,1.1,2,6,10,0.54,0.00,0.54,0.54,0.54,0.55,0.05,0.60,0.55,0.60
Sorba Thomas,WAL,AT,Nantes,25-054,1999,7,5,432,4.8,1,0,1,1,0,0,0,0,1.2,1.2,0.7,2.0,15,10,30,0.21,0.00,0.21,0.21,0.21,0.26,0.15,0.41,0.26,0.41
Adrien Thomasson,FRA,MT,Lens,30-310,1993,7,7,561,6.2,0,1,1,0,0,0,0,0,0.2,0.2,2.0,2.1,6,33,27,0.00,0.16,0.16,0.00,0.16,0.03,0.31,0.34,0.03,0.34
Corentin Tolisso,FRA,MT,Lyon,30-073,1994,7,4,340,3.8,1,0,1,1,0,0,1,0,0.9,0.9,1.5,2.4,5,35,22,0.26,0.00,0.26,0.26,0.26,0.23,0.40,0.64,0.23,0.64
Abdoulaye Touré,GUI,MT,Le Havre,30-226,1994,7,6,559,6.2,2,1,3,0,2,2,1,0,2.4,0.9,0.1,1.0,0,32,8,0.32,0.16,0.48,0.00,0.16,0.39,0.02,0.41,0.14,0.15
Birama Touré,MLI,MT,Montpellier,32-131,1992,3,1,110,1.2,0,0,0,0,0,0,1,0,0.0,0.0,0.0,0.0,0,4,1,0.00,0.00,0.00,0.00,0.00,0.03,0.00,0.03,0.03,0.03
Adrien Truffert,FRA,"DF,MT",Rennes,22-330,2001,7,6,484,5.4,0,0,0,0,0,0,1,0,0.2,0.2,0.2,0.4,8,15,28,0.00,0.00,0.00,0.00,0.00,0.04,0.04,0.07,0.04,0.07
Vanderson,BRA,DF,Monaco,23-116,2001,6,5,452,5.0,1,1,2,1,0,0,2,0,0.3,0.3,0.8,1.2,8,18,24,0.20,0.20,0.40,0.20,0.40,0.07,0.16,0.23,0.07,0.23
Jordan Veretout,FRA,MT,Lyon,31-228,1993,4,3,234,2.6,0,0,0,0,0,0,1,0,0.0,0.0,0.2,0.2,8,20,16,0.00,0.00,0.00,0.00,0.00,0.00,0.06,0.06,0.00,0.06
Ben Viadere,FRA,MT,Auxerre,19-043,2005,1,0,5,0.1,0,0,0,0,0,0,0,0,0.0,0.0,0.0,0.0,1,0,1,0.00,0.00,0.00,0.00,0.00,0.00,0.85,0.85,0.00,0.85
Vitinha,POR,MT,Paris S-G,24-245,2000,5,4,359,4.0,1,0,1,0,1,1,0,0,1.1,0.3,0.8,1.1,6,42,11,0.25,0.00,0.25,0.00,0.00,0.28,0.19,0.47,0.09,0.28
Ibrahima Wadji,SEN,AT,Saint-Étienne,29-163,1995,2,0,45,0.5,0,0,0,0,0,0,0,0,0.2,0.2,0.0,0.2,0,0,5,0.00,0.00,0.00,0.00,0.00,0.33,0.03,0.36,0.33,0.36
Elye Wahi,FRA,AT,Marseille,21-287,2003,6,5,343,3.8,1,0,1,0,1,1,0,0,2.4,1.7,0.2,1.9,4,4,20,0.26,0.00,0.26,0.00,0.00,0.64,0.06,0.70,0.43,0.49
Caleb Wiley,USA,"DF,MT",Strasbourg,19-298,2004,3,2,213,2.4,0,1,1,0,0,0,0,0,0.0,0.0,0.7,0.7,2,3,7,0.00,0.42,0.42,0.00,0.42,0.01,0.29,0.30,0.01,0.30
Christopher Wooh,CMR,DF,Rennes,23-027,2001,6,6,540,6.0,0,0,0,0,0,0,2,0,0.0,0.0,0.0,0.0,0,16,0,0.00,0.00,0.00,0.00,0.00,0.00,0.00,0.00,0.00,0.00
Etienne Youte Kinkoue,FRA,DF,Le Havre,22-275,2002,4,4,317,3.5,0,0,0,0,0,0,1,1,0.2,0.2,0.1,0.3,2,6,1,0.00,0.00,0.00,0.00,0.00,0.07,0.02,0.09,0.07,0.09
Yoram Zague,FRA,DF,Paris S-G,18-153,2006,1,1,70,0.8,0,0,0,0,0,0,0,0,0.0,0.0,0.0,0.0,1,4,0,0.00,0.00,0.00,0.00,0.00,0.00,0.00,0.00,0.00,0.00
Wilfried Zaha,CIV,AT,Lyon,31-340,1992,1,1,52,0.6,0,0,0,0,0,0,0,0,0.0,0.0,0.0,0.0,0,0,4,0.00,0.00,0.00,0.00,0.00,0.00,0.00,0.00,0.00,0.00
Warren Zaïre-Emery,FRA,"MT,DF",Paris S-G,18-221,2006,6,6,507,5.6,1,0,1,1,0,0,1,0,0.5,0.5,0.3,0.8,10,23,22,0.18,0.00,0.18,0.18,0.18,0.09,0.04,0.14,0.09,0.14
Miha Zajc,SVN,MT,Toulouse,30-106,1994,4,0,45,0.5,0,0,0,0,0,0,0,0,0.0,0.0,0.0,0.0,2,2,0,0.00,0.00,0.00,0.00,0.00,0.02,0.00,0.02,0.02,0.02
Denis Zakaria,SUI,MT,Monaco,27-330,1996,7,6,565,6.3,2,1,3,2,0,0,2,0,1.2,1.2,0.2,1.4,6,25,5,0.32,0.16,0.48,0.32,0.48,0.19,0.03,0.22,0.19,0.22
Anass Zaroury,MAR,"MT,AT",Lens,23-343,2000,5,3,201,2.2,0,1,1,0,0,0,2,1,0.2,0.2,0.3,0.5,6,10,7,0.00,0.45,0.45,0.00,0.45,0.11,0.14,0.24,0.11,0.24
Nathan Zeze,FRA,DF,Nantes,19-119,2005,5,5,450,5.0,0,0,0,0,0,0,1,0,0.0,0.0,0.0,0.0,1,17,0,0.00,0.00,0.00,0.00,0.00,0.00,0.00,0.00,0.00,0.00
Edon Zhegrova,KVX,"AT,MT",Lille,25-198,1999,5,5,434,4.8,3,1,4,3,0,0,0,0,1.0,1.0,1.9,2.9,22,28,42,0.62,0.21,0.83,0.62,0.83,0.21,0.39,0.60,0.21,0.60
Luc Zogbé,CIV,DF,Brest,19-205,2005,4,1,115,1.3,0,0,0,0,0,0,0,0,0.0,0.0,0.0,0.0,0,5,2,0.00,0.00,0.00,0.00,0.00,0.00,0.01,0.01,0.00,0.01
Aristide Zossou,CIV,MT,Auxerre,19-123,2005,1,0,6,0.1,0,0,0,0,0,0,0,0,0.0,0.0,0.0,0.0,0,1,1,0.00,0.00,0.00,0.00,0.00,0.00,0.00,0.00,0.00,0.00
Yanis Zouaoui,ALG,DF,Le Havre,30-097,1994,1,1,74,0.8,0,1,1,0,0,0,0,0,0.0,0.0,0.2,0.2,2,5,5,0.00,1.22,1.22,0.00,1.22,0.00,0.30,0.30,0.00,0.30
