Player,Nation,Pos,Squad,Age,Born,MatchesPlayed,Starts,Min,90s,Goals,Assists,G+A,G-PK,PK,PKattempted,CardY,CardR,xG,npxG,xAG,npxG+xAG,PrgCarries,PrgPasses,PrgReceived,G/90,A/90,G+A/90,G-PK/90,G+A-PK/90,xG/90,xAG/90,xG+xAG/90,npxG/90,npxG+xAG/90
Rodrigo Abascal,URU,DF,Boavista,29,1994,29,29,"2,479",27.5,2,0,2,2,0,0,8,0,1.4,1.4,0.6,2.0,17,83,19,0.07,0.00,0.07,0.07,0.07,0.05,0.02,0.07,0.05,0.07
Antonio Adán,ESP,GK,Sporting CP,36,1987,22,22,"1,980",22.0,0,0,0,0,0,0,1,0,0.0,0.0,0.0,0.0,0,0,0,0.00,0.00,0.00,0.00,0.00,0.00,0.00,0.00,0.00,0.00
Dennis Adeniran,ENG,MF,Portimonense,24,1999,1,0,6,0.1,0,0,0,0,0,0,0,0,0.0,0.0,0.0,0.0,0,0,0,0.00,0.00,0.00,0.00,0.00,0.00,0.00,0.00,0.00,0.00
Martin Agirregabiria,ESP,DF,Famalicão,27,1996,24,13,"1,207",13.4,0,0,0,0,0,0,4,0,0.1,0.1,0.6,0.7,18,52,66,0.00,0.00,0.00,0.00,0.00,0.01,0.04,0.05,0.01,0.05
Salvador Agra,POR,"FW,DF",Boavista,31,1991,31,31,"2,459",27.3,3,1,4,3,0,0,7,0,2.3,2.3,3.6,5.9,60,89,174,0.11,0.04,0.15,0.11,0.15,0.08,0.13,0.22,0.08,0.22
Matheus Aiás,BRA,"FW,MF",Moreirense,26,1996,18,5,477,5.3,2,0,2,2,0,0,0,0,1.9,1.9,0.2,2.1,5,14,28,0.38,0.00,0.38,0.38,0.38,0.36,0.04,0.40,0.36,0.40
Alan,BRA,MF,Moreirense,23,2000,33,29,"2,454",27.3,3,4,7,3,0,1,5,0,3.9,3.1,4.0,7.0,63,164,95,0.11,0.15,0.26,0.11,0.26,0.14,0.15,0.29,0.11,0.26
Rafael Alcobia,POR,DF,Portimonense,20,2003,3,2,203,2.3,0,0,0,0,0,0,0,0,0.0,0.0,0.1,0.1,2,4,0,0.00,0.00,0.00,0.00,0.00,0.01,0.04,0.05,0.01,0.05
Alemão,BRA,DF,Portimonense,20,2002,27,27,"2,367",26.3,2,0,2,2,0,0,7,0,0.7,0.7,0.4,1.1,9,43,3,0.08,0.00,0.08,0.08,0.08,0.03,0.01,0.04,0.03,0.04
Ali Alipour,IRN,FW,Gil Vicente FC,27,1995,19,9,804,8.9,2,0,2,1,1,1,1,0,2.7,1.9,1.0,2.9,8,11,43,0.22,0.00,0.22,0.11,0.11,0.30,0.11,0.41,0.21,0.32
Almeida,BRA,DF,Estrela,23,2000,7,5,486,5.4,0,1,1,0,0,0,1,0,0.0,0.0,0.1,0.1,2,10,1,0.00,0.19,0.19,0.00,0.19,0.01,0.01,0.02,0.01,0.02
Pedro Álvaro,POR,DF,Estoril,23,2000,20,20,"1,787",19.9,0,1,1,0,0,0,6,1,0.5,0.5,1.1,1.6,2,31,4,0.00,0.05,0.05,0.00,0.05,0.03,0.06,0.08,0.03,0.08
Pedro Amador,POR,DF,Moreirense,24,1998,21,14,"1,130",12.6,0,1,1,0,0,0,0,0,0.1,0.1,0.7,0.9,30,27,46,0.00,0.08,0.08,0.00,0.08,0.01,0.06,0.07,0.01,0.07
Artur Jorge Marques Amorim,POR,DF,Farense,28,1994,9,5,493,5.5,0,0,0,0,0,0,3,0,0.2,0.2,0.1,0.3,2,6,0,0.00,0.00,0.00,0.00,0.00,0.05,0.01,0.06,0.05,0.06
André André,POR,MF,Vitória,33,1989,18,6,653,7.3,0,3,3,0,0,0,9,0,0.4,0.4,2.5,2.9,17,46,27,0.00,0.41,0.41,0.00,0.41,0.05,0.35,0.40,0.05,0.40
Andrew,BRA,GK,Gil Vicente FC,22,2001,32,32,"2,880",32.0,0,0,0,0,0,0,0,0,0.0,0.0,0.0,0.0,0,0,0,0.00,0.00,0.00,0.00,0.00,0.00,0.00,0.00,0.00,0.00
Jeremy Antonisse,CUW,FW,Moreirense,21,2002,24,2,548,6.1,0,1,1,0,0,0,6,1,1.6,1.6,1.5,3.2,21,23,51,0.00,0.16,0.16,0.00,0.16,0.27,0.25,0.52,0.27,0.52
Pedro Aparício,POR,"MF,FW",Moreirense,27,1995,15,2,329,3.7,1,0,1,1,0,0,2,0,0.9,0.9,0.5,1.3,7,20,16,0.27,0.00,0.27,0.27,0.27,0.24,0.12,0.37,0.24,0.37
Óscar Aranda,ESP,"FW,MF",Famalicão,21,2002,21,8,717,8.0,1,0,1,1,0,0,3,0,0.9,0.9,0.8,1.7,27,40,24,0.13,0.00,0.13,0.13,0.13,0.11,0.10,0.21,0.11,0.21
Henrique Araújo,POR,FW,Famalicão,21,2002,20,7,680,7.6,0,0,0,0,0,0,1,0,1.4,1.4,0.8,2.1,6,11,32,0.00,0.00,0.00,0.00,0.00,0.18,0.10,0.28,0.18,0.28
Tiago Araújo,POR,"DF,MF",Estoril,22,2001,29,27,"2,253",25.0,2,1,3,2,0,0,4,0,1.6,1.6,3.2,4.8,58,71,157,0.08,0.04,0.12,0.08,0.12,0.06,0.12,0.19,0.06,0.19
Tomás Araújo,POR,DF,Benfica,21,2002,13,5,482,5.4,1,0,1,1,0,0,0,0,0.4,0.4,0.3,0.7,6,25,2,0.19,0.00,0.19,0.19,0.19,0.08,0.05,0.13,0.08,0.13
Gustavo Assuncao,POR,MF,Famalicão,23,2000,20,5,627,7.0,0,0,0,0,0,0,5,1,0.1,0.1,0.2,0.3,7,23,3,0.00,0.00,0.00,0.00,0.00,0.02,0.03,0.05,0.02,0.05
Otavio Ataide,BRA,DF,Famalicão,21,2002,17,15,"1,382",15.4,2,0,2,2,0,0,4,0,0.9,0.9,0.2,1.1,5,45,3,0.13,0.00,0.13,0.13,0.13,0.06,0.02,0.07,0.06,0.07
Otavio Ataide,BRA,DF,Porto,21,2002,12,12,"1,080",12.0,0,1,1,0,0,0,3,0,0.9,0.9,0.2,1.1,14,86,4,0.00,0.08,0.08,0.00,0.08,0.08,0.02,0.09,0.08,0.09
Fredrik Aursnes,NOR,DF,Benfica,27,1995,33,31,"2,791",31.0,2,7,9,2,0,0,3,1,2.6,2.6,7.1,9.7,88,161,254,0.06,0.23,0.29,0.06,0.29,0.08,0.23,0.31,0.08,0.31
Chidozie Awaziem,NGA,DF,Boavista,26,1997,24,22,"1,952",21.7,0,1,1,0,0,0,7,1,1.1,1.1,0.7,1.8,5,58,4,0.00,0.05,0.05,0.00,0.05,0.05,0.03,0.08,0.05,0.08
Abdul Awudu,GHA,"FW,MF",Vizela,22,2001,6,2,185,2.1,0,0,0,0,0,0,1,0,0.1,0.1,0.1,0.2,4,2,19,0.00,0.00,0.00,0.00,0.00,0.04,0.05,0.09,0.04,0.09
Amadou Ba-Sy,FRA,"FW,MF",Vizela,22,2001,7,0,119,1.3,0,0,0,0,0,0,0,0,0.2,0.2,0.0,0.2,3,3,10,0.00,0.00,0.00,0.00,0.00,0.14,0.02,0.16,0.14,0.16
Alexander Bah,DEN,DF,Benfica,25,1997,19,18,"1,517",16.9,2,3,5,2,0,0,3,0,1.0,1.0,2.2,3.2,27,88,111,0.12,0.18,0.30,0.12,0.30,0.06,0.13,0.19,0.06,0.19
Elves Baldé,GNB,"FW,MF",Farense,23,1999,28,9,976,10.8,1,3,4,1,0,0,0,0,2.0,2.0,1.7,3.7,32,27,73,0.09,0.28,0.37,0.09,0.37,0.19,0.16,0.35,0.19,0.35
Robson Bambu,BRA,DF,Arouca,25,1997,10,10,882,9.8,0,0,0,0,0,0,1,0,0.0,0.0,0.0,0.0,2,16,0,0.00,0.00,0.00,0.00,0.00,0.00,0.00,0.00,0.00,0.00
Daniel Bandeira,POR,MF,Vitória,23,2000,16,8,705,7.8,1,2,3,1,0,0,1,0,0.3,0.3,0.8,1.1,12,42,8,0.13,0.26,0.38,0.13,0.38,0.04,0.10,0.14,0.04,0.14
Simon Banza,COD,FW,Braga,26,1996,28,23,"1,999",22.2,21,4,25,18,3,3,2,0,16.7,14.4,2.3,16.6,10,32,125,0.95,0.18,1.13,0.81,0.99,0.75,0.10,0.86,0.65,0.75
Rafael Barbosa,POR,"MF,FW",Farense,27,1996,27,8,857,9.5,1,1,2,1,0,0,1,0,1.4,1.4,1.3,2.7,14,41,51,0.11,0.11,0.21,0.11,0.21,0.15,0.14,0.29,0.15,0.29
Romário Baró,POR,"MF,FW",Porto,23,2000,10,2,225,2.5,0,0,0,0,0,0,0,0,0.2,0.2,0.4,0.6,4,13,21,0.00,0.00,0.00,0.00,0.00,0.06,0.16,0.22,0.06,0.22
Afonso Bastardo,POR,"FW,DF",Gil Vicente FC,18,2005,4,0,42,0.5,0,0,0,0,0,0,0,0,0.0,0.0,0.0,0.1,1,1,5,0.00,0.00,0.00,0.00,0.00,0.10,0.07,0.17,0.10,0.17
Afonso Bastardo,POR,MF,Sporting CP,18,2005,1,0,25,0.3,0,0,0,0,0,0,0,0,0.0,0.0,0.0,0.0,2,3,7,0.00,0.00,0.00,0.00,0.00,0.00,0.00,0.00,0.00,0.00
Gilberto Batista,GNB,DF,Moreirense,19,2003,4,2,227,2.5,0,0,0,0,0,0,0,0,0.0,0.0,0.1,0.1,1,5,0,0.00,0.00,0.00,0.00,0.00,0.00,0.05,0.05,0.00,0.05
Ricardo Batista,POR,GK,Casa Pia,36,1986,31,31,"2,785",30.9,0,0,0,0,0,0,2,1,0.0,0.0,0.0,0.0,0,0,0,0.00,0.00,0.00,0.00,0.00,0.00,0.00,0.00,0.00,0.00
Roko Baturina,CRO,FW,Gil Vicente FC,23,2000,15,9,707,7.9,2,0,2,2,0,0,0,0,1.2,1.2,0.3,1.6,5,6,29,0.25,0.00,0.25,0.25,0.25,0.16,0.04,0.20,0.16,0.20
Bachir Belloumi,ALG,"FW,MF",Farense,21,2002,33,26,"2,069",23.0,7,4,11,7,0,0,3,0,4.7,4.7,3.7,8.3,61,76,153,0.30,0.17,0.48,0.30,0.48,0.20,0.16,0.36,0.20,0.36
Fahem Benaissa Yahia,FRA,MF,Casa Pia,21,2002,1,0,13,0.1,0,0,0,0,0,0,0,0,0.0,0.0,0.0,0.0,0,0,0,0.00,0.00,0.00,0.00,0.00,0.00,0.00,0.00,0.00,0.00
Beni,ANG,MF,Casa Pia,21,2002,25,14,"1,470",16.3,0,3,3,0,0,0,9,1,0.1,0.1,0.2,0.3,16,57,15,0.00,0.18,0.18,0.00,0.18,0.00,0.02,0.02,0.00,0.02
Benny,POR,"MF,FW",Chaves,23,2000,29,11,"1,265",14.1,1,1,2,1,0,0,1,0,0.9,0.9,2.7,3.6,25,38,85,0.07,0.07,0.14,0.07,0.14,0.06,0.19,0.25,0.06,0.25
Berna,ANG,"FW,DF",Boavista,19,2003,18,1,322,3.6,0,0,0,0,0,0,2,0,0.1,0.1,0.7,0.8,5,15,22,0.00,0.00,0.00,0.00,0.00,0.02,0.19,0.22,0.02,0.22
Juan Bernat,ESP,DF,Benfica,30,1993,3,1,81,0.9,0,0,0,0,0,0,0,0,0.0,0.0,0.0,0.0,1,5,2,0.00,0.00,0.00,0.00,0.00,0.00,0.00,0.00,0.00,0.00
Emmanuel Boateng,GHA,FW,Rio Ave,27,1996,27,19,"1,859",20.7,7,2,9,7,0,0,10,2,9.1,9.1,1.7,10.8,26,22,93,0.34,0.10,0.44,0.34,0.44,0.44,0.08,0.52,0.44,0.52
Kiko Bondoso,POR,"FW,MF",Vizela,27,1995,3,2,193,2.1,0,0,0,0,0,0,0,0,0.2,0.2,0.3,0.5,5,8,22,0.00,0.00,0.00,0.00,0.00,0.11,0.14,0.25,0.11,0.25
Toni Borevkovic,CRO,DF,Vitória,26,1997,23,23,"2,043",22.7,0,0,0,0,0,0,2,1,1.6,1.6,0.4,2.0,1,49,1,0.00,0.00,0.00,0.00,0.00,0.07,0.02,0.09,0.07,0.09
Gonçalo Borges,POR,"MF,FW",Porto,22,2001,17,1,291,3.2,0,2,2,0,0,0,2,0,0.3,0.3,2.2,2.5,34,11,62,0.00,0.62,0.62,0.00,0.62,0.10,0.68,0.78,0.10,0.78
Cristian Borja,COL,DF,Braga,30,1993,30,28,"2,452",27.2,1,5,6,1,0,0,4,0,0.3,0.3,5.1,5.4,60,119,163,0.04,0.18,0.22,0.04,0.22,0.01,0.19,0.20,0.01,0.20
Róbert Boženík,SVK,FW,Boavista,23,1999,31,30,"2,577",28.6,9,2,11,9,0,0,4,0,13.0,13.0,2.7,15.7,20,30,111,0.31,0.07,0.38,0.31,0.38,0.46,0.09,0.55,0.46,0.55
Daniel Bragança,POR,MF,Sporting CP,24,1999,28,10,"1,028",11.4,3,2,5,3,0,0,2,0,1.7,1.7,2.3,4.0,14,52,32,0.26,0.18,0.44,0.26,0.44,0.15,0.20,0.35,0.15,0.35
Bruno Brigido,BRA,GK,Estrela,32,1991,26,26,"2,340",26.0,0,0,0,0,0,0,0,0,0.0,0.0,0.1,0.1,0,0,0,0.00,0.00,0.00,0.00,0.00,0.00,0.00,0.00,0.00,0.00
Rafael Brito,POR,MF,Casa Pia,21,2002,9,5,342,3.8,0,2,2,0,0,0,0,0,0.0,0.0,0.2,0.2,4,19,6,0.00,0.53,0.53,0.00,0.53,0.00,0.04,0.04,0.00,0.04
Bruma,POR,"FW,MF",Braga,28,1994,26,19,"1,720",19.1,6,2,8,6,0,0,3,0,6.9,6.9,1.8,8.7,87,95,203,0.31,0.10,0.42,0.31,0.42,0.36,0.10,0.45,0.36,0.45
Jonathan Buatu Mananga,ANG,DF,Gil Vicente FC,29,1993,5,5,450,5.0,1,0,1,1,0,0,1,0,0.4,0.4,0.1,0.5,0,4,1,0.20,0.00,0.20,0.20,0.20,0.08,0.03,0.11,0.08,0.11
Leonel Bucca,ARG,"MF,FW",Estrela,24,1999,15,8,818,9.1,1,0,1,1,0,0,4,0,2.0,2.0,0.6,2.6,9,32,25,0.11,0.00,0.11,0.11,0.11,0.22,0.07,0.29,0.22,0.29
André Bukia,COD,"MF,FW",Arouca,28,1995,10,0,157,1.7,1,1,2,1,0,0,0,0,0.6,0.6,0.4,0.9,16,13,28,0.57,0.57,1.15,0.57,1.15,0.33,0.21,0.54,0.33,0.54
Fabijan Buntić,CRO,GK,Vizela,26,1997,28,27,"2,496",27.7,0,0,0,0,0,0,1,0,0.0,0.0,0.0,0.0,0,1,0,0.00,0.00,0.00,0.00,0.00,0.00,0.00,0.00,0.00,0.00
Aleksandar Busnić,SRB,"MF,FW",Vizela,25,1997,19,8,767,8.5,0,0,0,0,0,0,3,0,0.4,0.4,0.1,0.5,0,35,3,0.00,0.00,0.00,0.00,0.00,0.05,0.01,0.06,0.05,0.06
Oriol Busquets,ESP,MF,Arouca,24,1999,18,3,436,4.8,0,0,0,0,0,0,2,0,0.0,0.0,0.3,0.4,2,23,6,0.00,0.00,0.00,0.00,0.00,0.01,0.07,0.08,0.01,0.08
Rafael Bustamante,COL,MF,Vizela,23,1999,12,8,715,7.9,0,0,0,0,0,0,2,0,0.2,0.2,0.2,0.5,2,34,6,0.00,0.00,0.00,0.00,0.00,0.03,0.03,0.06,0.03,0.06
Leonardo Buta,POR,DF,Gil Vicente FC,21,2002,29,24,"2,187",24.3,0,2,2,0,0,0,3,0,0.1,0.1,1.0,1.1,66,100,79,0.00,0.08,0.08,0.00,0.08,0.00,0.04,0.05,0.00,0.05
Adrián Butzke,ESP,FW,Vitória,24,1999,17,3,369,4.1,0,0,0,0,0,1,0,0,1.3,0.5,0.1,0.6,3,3,29,0.00,0.00,0.00,0.00,0.00,0.31,0.03,0.35,0.12,0.16
Erick Cabaco,URU,DF,Estoril,28,1995,6,3,335,3.7,0,0,0,0,0,0,0,0,0.4,0.4,0.0,0.4,1,10,0,0.00,0.00,0.00,0.00,0.00,0.10,0.00,0.10,0.10,0.10
Arthur Cabral,BRA,FW,Benfica,25,1998,28,13,"1,329",14.8,6,0,6,6,0,1,2,0,8.4,7.6,0.9,8.5,24,22,82,0.41,0.00,0.41,0.41,0.41,0.57,0.06,0.63,0.51,0.58
Jhonder Cádiz,VEN,FW,Famalicão,28,1995,30,27,"2,300",25.6,15,0,15,12,3,4,9,1,12.5,9.5,0.9,10.4,24,33,101,0.59,0.00,0.59,0.47,0.47,0.49,0.04,0.52,0.37,0.41
João Pedro Gomes Camacho,POR,"FW,MF",Moreirense,29,1994,29,27,"2,080",23.1,4,4,8,4,0,1,5,0,4.4,3.6,2.8,6.5,75,59,143,0.17,0.17,0.35,0.17,0.35,0.19,0.12,0.31,0.16,0.28
Ibrahima Camará,GUI,"MF,DF",Boavista,24,1999,15,4,476,5.3,0,0,0,0,0,0,1,1,0.0,0.0,0.2,0.3,7,21,8,0.00,0.00,0.00,0.00,0.00,0.00,0.05,0.05,0.00,0.05
Cambila,ANG,GK,Estrela,21,2002,1,0,17,0.2,0,0,0,0,0,0,0,0,0.0,0.0,0.0,0.0,0,0,0,0.00,0.00,0.00,0.00,0.00,0.00,0.00,0.00,0.00,0.00
Luan Campos,BRA,"FW,MF",Portimonense,21,2002,16,5,467,5.2,1,0,1,1,0,0,2,0,1.1,1.1,0.4,1.5,8,10,23,0.19,0.00,0.19,0.19,0.19,0.21,0.09,0.29,0.21,0.29
Fábio Cardoso,POR,DF,Porto,29,1994,18,14,"1,205",13.4,1,1,2,1,0,0,5,2,1.2,1.2,0.6,1.8,23,98,4,0.07,0.07,0.15,0.07,0.15,0.09,0.04,0.13,0.09,0.13
Felippe Cardoso,BRA,FW,Casa Pia,24,1998,29,16,"1,564",17.4,6,0,6,6,0,1,7,0,5.7,4.9,0.9,5.8,11,24,77,0.35,0.00,0.35,0.35,0.35,0.33,0.05,0.38,0.28,0.33
Carlinhos,BRA,MF,Portimonense,29,1994,32,32,"2,843",31.6,10,6,16,6,4,4,11,0,7.2,4.0,3.8,7.8,66,177,66,0.32,0.19,0.51,0.19,0.38,0.23,0.12,0.35,0.13,0.25
João Carlos,BRA,"FW,DF",Estoril,28,1995,20,1,314,3.5,2,0,2,2,0,0,4,0,1.7,1.7,0.6,2.3,8,4,24,0.57,0.00,0.57,0.57,0.57,0.49,0.17,0.67,0.49,0.67
Zé Carlos,POR,"MF,DF",Vitória,21,2001,23,2,420,4.7,0,0,0,0,0,0,4,0,0.2,0.2,0.7,0.9,9,28,19,0.00,0.00,0.00,0.00,0.00,0.04,0.15,0.19,0.04,0.19
Zé Carlos,POR,DF,Gil Vicente FC,25,1998,26,21,"1,927",21.4,1,2,3,1,0,0,7,0,0.8,0.8,0.9,1.8,26,57,71,0.05,0.09,0.14,0.05,0.14,0.04,0.04,0.08,0.04,0.08
David Carmo,ANG,DF,Porto,24,1999,7,7,608,6.8,0,0,0,0,0,0,6,1,0.7,0.7,0.1,0.8,4,31,4,0.00,0.00,0.00,0.00,0.00,0.11,0.01,0.12,0.11,0.12
Marcelo Carné,BRA,GK,Estoril,33,1990,22,22,"1,979",22.0,0,0,0,0,0,0,3,1,0.0,0.0,0.1,0.1,0,0,0,0.00,0.00,0.00,0.00,0.00,0.00,0.00,0.00,0.00,0.00
Carraça,POR,"DF,MF",Chaves,30,1993,20,12,995,11.1,0,0,0,0,0,0,3,1,0.2,0.2,1.1,1.3,11,32,51,0.00,0.00,0.00,0.00,0.00,0.02,0.10,0.11,0.02,0.11
Álvaro Carreras,ESP,DF,Benfica,20,2003,11,5,567,6.3,1,1,2,1,0,0,1,0,0.2,0.2,1.0,1.2,17,33,46,0.16,0.16,0.32,0.16,0.32,0.04,0.16,0.20,0.04,0.20
Ronie Carrillo,ECU,"FW,MF",Portimonense,26,1996,25,13,"1,314",14.6,4,0,4,4,0,0,1,1,3.0,3.0,1.4,4.4,11,27,54,0.27,0.00,0.27,0.27,0.27,0.20,0.09,0.30,0.20,0.30
António Filipe de Carvalho,POR,GK,Estrela,38,1985,3,3,270,3.0,0,0,0,0,0,0,0,0,0.0,0.0,0.0,0.0,0,0,0,0.00,0.00,0.00,0.00,0.00,0.00,0.00,0.00,0.00,0.00
Miguel Carvalho,POR,GK,Farense,27,1996,2,2,180,2.0,0,0,0,0,0,0,0,0,0.0,0.0,0.0,0.0,0,0,0,0.00,0.00,0.00,0.00,0.00,0.00,0.00,0.00,0.00,0.00
Vitor Carvalho,BRA,MF,Braga,26,1997,27,16,"1,302",14.5,1,1,2,1,0,0,8,0,0.6,0.6,0.2,0.9,15,82,17,0.07,0.07,0.14,0.07,0.14,0.04,0.02,0.06,0.04,0.06
Facundo Cáseres,ARG,MF,Farense,22,2001,21,12,"1,112",12.4,0,0,0,0,0,0,6,1,0.1,0.1,0.1,0.2,5,27,2,0.00,0.00,0.00,0.00,0.00,0.01,0.01,0.02,0.01,0.02
Midana Cassama,GNB,"FW,MF",Portimonense,20,2002,12,2,287,3.2,1,0,1,1,0,0,2,1,0.6,0.6,0.1,0.7,5,1,23,0.31,0.00,0.31,0.31,0.31,0.19,0.03,0.22,0.19,0.22
Cassiano,BRA,FW,Estoril,34,1989,29,20,"1,612",17.9,7,3,10,6,1,1,2,0,6.9,6.1,1.7,7.8,11,15,47,0.39,0.17,0.56,0.33,0.50,0.38,0.09,0.48,0.34,0.43
Jesús Castillo,PER,MF,Gil Vicente FC,22,2001,11,2,247,2.7,0,0,0,0,0,0,1,0,0.1,0.1,0.0,0.1,2,17,4,0.00,0.00,0.00,0.00,0.00,0.03,0.01,0.04,0.03,0.04
André Castro,POR,MF,Braga,35,1988,3,0,41,0.5,0,0,0,0,0,0,0,0,0.0,0.0,0.0,0.0,0,2,0,0.00,0.00,0.00,0.00,0.00,0.07,0.00,0.07,0.07,0.07
André Castro,POR,MF,Moreirense,35,1988,14,6,541,6.0,1,1,2,1,0,0,1,0,0.2,0.2,0.2,0.4,10,22,14,0.17,0.17,0.33,0.17,0.33,0.03,0.04,0.07,0.03,0.07
Cristian Castro,COL,DF,Rio Ave,22,2001,1,1,73,0.8,0,0,0,0,0,0,0,0,0.0,0.0,0.0,0.0,0,2,0,0.00,0.00,0.00,0.00,0.00,0.00,0.00,0.00,0.00,0.00
Geny Catamo,MOZ,"MF,DF",Sporting CP,22,2001,27,17,"1,684",18.7,5,3,8,5,0,0,2,0,2.1,2.1,3.4,5.4,91,66,139,0.27,0.16,0.43,0.27,0.43,0.11,0.18,0.29,0.11,0.29
Tidjany Chabrol,FRA,"FW,MF",Gil Vicente FC,21,2002,28,8,"1,080",12.0,3,0,3,3,0,0,6,1,2.1,2.1,1.8,3.9,72,31,124,0.25,0.00,0.25,0.25,0.25,0.17,0.15,0.32,0.17,0.32
Charles,BRA,GK,Vitória,29,1994,8,7,675,7.5,0,0,0,0,0,0,2,0,0.0,0.0,0.0,0.0,0,0,0,0.00,0.00,0.00,0.00,0.00,0.00,0.00,0.00,0.00,0.00
Chiquinho,POR,"FW,MF",Famalicão,23,2000,27,22,"1,740",19.3,5,2,7,5,0,0,10,1,3.5,3.5,1.8,5.3,53,34,115,0.26,0.10,0.36,0.26,0.36,0.18,0.09,0.27,0.18,0.27
Chiquinho,POR,MF,Benfica,28,1995,9,1,190,2.1,0,0,0,0,0,0,1,0,0.1,0.1,0.5,0.6,7,24,10,0.00,0.00,0.00,0.00,0.00,0.06,0.25,0.30,0.06,0.30
Clayton,BRA,FW,Casa Pia,24,1999,24,21,"1,688",18.8,8,1,9,7,1,1,4,0,6.8,6.0,1.0,7.0,29,32,91,0.43,0.05,0.48,0.37,0.43,0.36,0.05,0.42,0.32,0.38
Sebastián Coates,URU,DF,Sporting CP,32,1990,29,26,"2,278",25.3,4,0,4,4,0,0,7,0,3.4,3.4,0.5,3.9,7,84,3,0.16,0.00,0.16,0.16,0.16,0.14,0.02,0.15,0.14,0.15
Fábio Conceição,POR,"MF,FW",Rio Ave,22,2001,34,30,"2,536",28.2,1,3,4,1,0,0,3,0,2.4,2.4,4.2,6.6,63,93,196,0.04,0.11,0.14,0.04,0.14,0.08,0.15,0.23,0.08,0.23
Francisco Conceição,POR,"FW,MF",Porto,20,2002,27,21,"1,888",21.0,5,4,9,5,0,0,11,1,5.7,5.7,6.4,12.1,128,87,263,0.24,0.19,0.43,0.24,0.43,0.27,0.30,0.58,0.27,0.58
Leo Cordeiro,BRA,MF,Estrela,27,1995,32,29,"2,607",29.0,3,0,3,3,0,0,5,0,2.4,2.4,1.1,3.4,26,139,41,0.10,0.00,0.10,0.10,0.10,0.08,0.04,0.12,0.08,0.12
Jeriel Córdova,VEN,FW,Boavista,21,2002,12,0,156,1.7,0,0,0,0,0,0,2,0,0.8,0.8,0.7,1.4,0,2,9,0.00,0.00,0.00,0.00,0.00,0.44,0.39,0.82,0.44,0.82
Félix Correia,POR,FW,Gil Vicente FC,22,2001,30,26,"2,167",24.1,5,3,8,5,0,0,4,0,5.8,5.8,4.1,9.9,67,89,161,0.21,0.12,0.33,0.21,0.33,0.24,0.17,0.41,0.24,0.41
João Pedro Araújo Correia,CPV,"DF,MF",Chaves,26,1996,30,24,"2,097",23.3,3,1,4,3,0,0,8,0,3.1,3.1,0.8,3.9,62,49,112,0.13,0.04,0.17,0.13,0.17,0.13,0.04,0.17,0.13,0.17
Alberto costa,POR,DF,Vitória,19,2003,1,0,15,0.2,0,0,0,0,0,0,0,0,0.0,0.0,0.0,0.0,1,0,1,0.00,0.00,0.00,0.00,0.00,0.00,0.00,0.00,0.00,0.00
Bruno Xavier Almeida Costa,POR,MF,Vizela,26,1997,8,7,614,6.8,0,0,0,0,0,0,2,0,0.1,0.1,0.6,0.7,6,23,9,0.00,0.00,0.00,0.00,0.00,0.02,0.09,0.11,0.02,0.11
Diogo Costa,POR,GK,Porto,23,1999,33,33,"2,944",32.7,0,0,0,0,0,0,0,1,0.0,0.0,0.0,0.0,0,8,0,0.00,0.00,0.00,0.00,0.00,0.00,0.00,0.00,0.00,0.00
Gonçalo Costa,POR,"DF,MF",Portimonense,23,2000,33,18,"1,711",19.0,0,5,5,0,0,0,5,1,0.7,0.7,2.1,2.9,37,80,81,0.00,0.26,0.26,0.00,0.26,0.04,0.11,0.15,0.04,0.15
Michel Costa,BRA,MF,Estoril,21,2001,8,3,299,3.3,0,0,0,0,0,0,0,0,0.1,0.1,0.6,0.6,1,18,8,0.00,0.00,0.00,0.00,0.00,0.02,0.17,0.18,0.02,0.18
Murilo Costa,BRA,FW,Gil Vicente FC,28,1994,31,26,"1,990",22.1,4,5,9,2,2,3,3,0,6.2,3.8,2.5,6.3,66,50,152,0.18,0.23,0.41,0.09,0.32,0.28,0.11,0.39,0.17,0.28
Rui Costa,POR,"FW,MF",Farense,27,1996,21,6,704,7.8,3,2,5,3,0,1,2,0,2.5,1.7,0.8,2.5,14,27,48,0.38,0.26,0.64,0.38,0.64,0.32,0.10,0.42,0.22,0.31
Tomás Costa Silva,POR,DF,Vizela,23,1999,30,30,"2,620",29.1,0,2,2,0,0,0,1,1,0.9,0.9,3.2,4.1,57,102,197,0.00,0.07,0.07,0.00,0.07,0.03,0.11,0.14,0.03,0.14
Costinha,POR,"MF,DF",Rio Ave,23,2000,34,34,"3,050",33.9,3,5,8,0,3,3,4,0,4.7,2.3,4.2,6.5,88,95,201,0.09,0.15,0.24,0.00,0.15,0.14,0.12,0.26,0.07,0.19
Sandro Cruz,ANG,"DF,MF",Chaves,22,2001,24,20,"1,629",18.1,1,1,2,1,0,0,2,0,0.2,0.2,1.0,1.2,25,52,34,0.06,0.06,0.11,0.06,0.11,0.01,0.05,0.07,0.01,0.07
Florian Danho Seke,FRA,FW,Famalicão,23,2000,10,2,239,2.7,1,0,1,1,0,0,0,0,0.8,0.8,0.1,0.9,4,4,15,0.38,0.00,0.38,0.38,0.38,0.30,0.03,0.33,0.30,0.33
Ignacio De Arruabarrena,URU,GK,Arouca,26,1997,31,31,"2,790",31.0,0,0,0,0,0,0,4,0,0.0,0.0,0.0,0.0,0,1,1,0.00,0.00,0.00,0.00,0.00,0.00,0.00,0.00,0.00,0.00
Fran Delgado,ESP,DF,Farense,22,2001,9,6,492,5.5,0,0,0,0,0,0,1,0,0.0,0.0,0.3,0.3,4,16,14,0.00,0.00,0.00,0.00,0.00,0.00,0.06,0.06,0.00,0.06
Dener,BRA,MF,Portimonense,31,1992,26,23,"1,762",19.6,1,2,3,1,0,0,11,0,1.2,1.1,1.2,2.2,16,80,24,0.05,0.10,0.15,0.05,0.15,0.06,0.06,0.12,0.05,0.11
Depú,ANG,FW,Gil Vicente FC,23,2000,16,7,777,8.6,3,0,3,3,0,0,2,1,4.1,4.1,0.1,4.2,6,6,38,0.35,0.00,0.35,0.35,0.35,0.48,0.01,0.49,0.48,0.49
Ángel Di María,ARG,FW,Benfica,35,1988,28,26,"2,218",24.6,9,10,19,7,2,3,4,0,9.0,6.7,11.3,18.0,103,187,327,0.37,0.41,0.77,0.28,0.69,0.37,0.46,0.83,0.27,0.73
Tiago Dias,POR,"MF,FW",Casa Pia,25,1998,19,10,794,8.8,1,1,2,1,0,0,1,0,0.3,0.3,1.0,1.4,43,19,65,0.11,0.11,0.23,0.11,0.23,0.04,0.12,0.15,0.04,0.15
Vinicius Dias,BRA,GK,Gil Vicente FC,26,1997,2,2,180,2.0,0,0,0,0,0,0,0,0,0.0,0.0,0.0,0.0,0,0,0,0.00,0.00,0.00,0.00,0.00,0.00,0.00,0.00,0.00,0.00
Dida,BRA,GK,Estrela,25,1998,5,5,427,4.7,0,0,0,0,0,0,0,1,0.0,0.0,0.0,0.0,0,0,0,0.00,0.00,0.00,0.00,0.00,0.00,0.00,0.00,0.00,0.00
Ousmane Diomande,CIV,DF,Sporting CP,19,2003,26,25,"2,115",23.5,2,1,3,2,0,0,7,1,1.8,1.8,0.2,2.1,22,121,2,0.09,0.04,0.13,0.09,0.13,0.08,0.01,0.09,0.08,0.09
Álvaro djaló,ESP,"FW,MF",Braga,23,1999,30,20,"1,795",19.9,8,5,13,8,0,0,7,1,9.5,9.5,3.8,13.3,65,60,191,0.40,0.25,0.65,0.40,0.65,0.47,0.19,0.67,0.47,0.67
Mihai Dobre,ROU,FW,Famalicão,24,1998,14,2,349,3.9,0,0,0,0,0,0,0,0,0.6,0.6,0.2,0.9,9,5,15,0.00,0.00,0.00,0.00,0.00,0.17,0.06,0.23,0.17,0.23
Maxime Dominguez,SUI,"MF,FW",Gil Vicente FC,27,1996,33,29,"2,335",25.9,6,4,10,5,1,1,8,0,3.8,3.0,3.8,6.7,45,134,130,0.23,0.15,0.39,0.19,0.35,0.14,0.14,0.29,0.11,0.26
Bruno Duarte,BRA,FW,Farense,27,1996,32,26,"2,255",25.1,13,3,16,9,4,4,6,0,9.8,6.7,2.9,9.5,48,61,119,0.52,0.12,0.64,0.36,0.48,0.39,0.11,0.51,0.27,0.38
Jorge Eduardo Sánchez,MEX,DF,Porto,25,1997,14,6,563,6.3,0,2,2,0,0,0,3,0,0.7,0.7,1.0,1.7,16,42,40,0.00,0.32,0.32,0.00,0.32,0.12,0.15,0.27,0.12,0.27
Marcus Edwards,ENG,"FW,MF",Sporting CP,24,1998,26,15,"1,344",14.9,4,4,8,4,0,0,4,1,4.2,4.2,6.9,11.0,77,78,104,0.27,0.27,0.54,0.27,0.54,0.28,0.46,0.74,0.28,0.74
Úmaro Embaló,POR,"MF,FW",Rio Ave,22,2001,14,10,794,8.8,1,1,2,1,0,0,1,0,0.4,0.4,0.5,0.9,17,24,62,0.11,0.11,0.23,0.11,0.23,0.04,0.06,0.11,0.04,0.11
João Escoval,POR,DF,Vizela,26,1997,19,16,"1,371",15.2,0,1,1,0,0,0,7,0,0.5,0.5,0.4,0.9,11,42,5,0.00,0.07,0.07,0.00,0.07,0.03,0.03,0.06,0.03,0.06
Ricardo Esgaio,POR,"MF,DF",Sporting CP,30,1993,28,19,"1,497",16.6,0,4,4,0,0,0,7,0,0.7,0.7,3.8,4.5,31,70,127,0.00,0.24,0.24,0.00,0.24,0.04,0.23,0.27,0.04,0.27
Tiago Esgaio,POR,DF,Arouca,27,1995,28,27,"2,276",25.3,2,3,5,2,0,0,4,0,0.6,0.6,2.6,3.2,29,90,97,0.08,0.12,0.20,0.08,0.20,0.03,0.10,0.13,0.03,0.13
Samuel Essende,COD,FW,Vizela,25,1998,31,31,"2,664",29.6,15,0,15,15,0,1,5,0,13.7,12.9,1.1,14.0,40,32,143,0.51,0.00,0.51,0.51,0.51,0.46,0.04,0.50,0.44,0.47
Dario Essugo,POR,MF,Chaves,18,2005,14,13,"1,162",12.9,0,0,0,0,0,0,3,0,0.0,0.0,0.1,0.1,13,29,11,0.00,0.00,0.00,0.00,0.00,0.00,0.01,0.01,0.00,0.01
Dario Essugo,POR,MF,Sporting CP,18,2005,4,0,32,0.4,0,0,0,0,0,0,0,0,0.0,0.0,0.0,0.0,0,3,0,0.00,0.00,0.00,0.00,0.00,0.00,0.00,0.00,0.00,0.00
Paulo Estrela Moreira,POR,"MF,FW",Portimonense,24,1999,18,4,534,5.9,0,1,1,0,0,0,1,0,0.2,0.2,0.1,0.3,4,37,6,0.00,0.17,0.17,0.00,0.17,0.03,0.02,0.05,0.03,0.05
Stephen Eustáquio,CAN,MF,Porto,26,1996,28,16,"1,529",17.0,2,2,4,2,0,0,3,0,1.7,1.7,3.0,4.7,10,112,46,0.12,0.12,0.24,0.12,0.24,0.10,0.18,0.28,0.10,0.28
Evanilson,BRA,FW,Porto,23,1999,27,25,"2,051",22.8,13,3,16,11,2,3,5,1,12.7,10.1,4.3,14.4,39,54,147,0.57,0.13,0.70,0.48,0.61,0.56,0.19,0.75,0.44,0.63
Fabiano,BRA,DF,Moreirense,23,2000,25,23,"2,129",23.7,1,2,3,1,0,0,5,0,0.8,0.8,1.0,1.8,36,87,60,0.04,0.08,0.13,0.04,0.13,0.03,0.04,0.08,0.03,0.08
Claudio Falcão,BRA,MF,Farense,29,1994,31,30,"2,600",28.9,4,1,5,4,0,0,12,0,3.6,3.6,1.0,4.7,11,79,8,0.14,0.03,0.17,0.14,0.17,0.13,0.04,0.16,0.13,0.16
Jean Felipe,BRA,"MF,DF",Estrela,29,1994,23,10,"1,151",12.8,1,2,3,1,0,0,0,0,0.5,0.5,3.6,4.0,9,52,58,0.08,0.16,0.23,0.08,0.23,0.04,0.28,0.31,0.04,0.31
Volnei Feltes,BRA,DF,Estoril,23,2000,21,17,"1,472",16.4,0,2,2,0,0,0,4,0,0.5,0.5,0.7,1.1,13,62,19,0.00,0.12,0.12,0.00,0.12,0.03,0.04,0.07,0.03,0.07
Jorge Filipe Oliveira Fernandes,POR,DF,Vitória,26,1997,29,28,"2,437",27.1,1,1,2,1,0,0,5,0,1.1,1.1,1.0,2.1,25,114,7,0.04,0.04,0.07,0.04,0.07,0.04,0.04,0.08,0.04,0.08
Martim Fernandes,POR,DF,Porto,17,2006,4,4,256,2.8,0,1,1,0,0,0,1,0,0.0,0.0,0.3,0.3,7,13,8,0.00,0.35,0.35,0.00,0.35,0.00,0.10,0.10,0.00,0.10
Mateus Fernandes,POR,MF,Estoril,19,2004,28,25,"2,233",24.8,1,2,3,1,0,0,6,0,0.3,0.3,2.8,3.1,62,132,53,0.04,0.08,0.12,0.04,0.12,0.01,0.11,0.12,0.01,0.12
Mateus Fernandes,POR,FW,Sporting CP,19,2004,1,0,3,0.0,0,0,0,0,0,0,0,0,0.0,0.0,0.0,0.0,0,0,0,0.00,0.00,0.00,0.00,0.00,0.00,0.00,0.00,0.00,0.00
Rafael Fernandes,POR,DF,Arouca,21,2002,11,8,744,8.3,0,0,0,0,0,0,2,1,0.2,0.2,0.1,0.4,5,27,2,0.00,0.00,0.00,0.00,0.00,0.03,0.02,0.05,0.03,0.05
Roger Fernandes,GNB,"MF,FW",Braga,17,2005,14,7,672,7.5,2,7,9,2,0,0,1,0,3.5,3.5,3.0,6.5,30,23,84,0.27,0.94,1.21,0.27,1.21,0.46,0.40,0.87,0.46,0.87
Rúben Fernandes,POR,DF,Gil Vicente FC,37,1986,29,29,"2,610",29.0,1,0,1,1,0,0,4,0,0.7,0.7,0.7,1.4,6,87,2,0.03,0.00,0.03,0.03,0.03,0.02,0.02,0.05,0.02,0.05
Vasco Fernandes,POR,DF,Casa Pia,36,1986,10,10,900,10.0,0,0,0,0,0,0,2,0,0.1,0.1,0.1,0.1,2,18,4,0.00,0.00,0.00,0.00,0.00,0.01,0.01,0.01,0.01,0.01
Vasco Fernandes,POR,DF,Chaves,36,1986,17,17,"1,516",16.8,0,0,0,0,0,0,6,0,0.3,0.3,0.0,0.3,4,43,1,0.00,0.00,0.00,0.00,0.00,0.02,0.00,0.02,0.02,0.02
Fernando,BRA,"FW,MF",Casa Pia,30,1993,20,4,537,6.0,2,0,2,1,1,1,0,0,1.4,0.6,0.1,0.7,7,10,37,0.34,0.00,0.34,0.17,0.17,0.23,0.02,0.24,0.10,0.11
Filipe Ferreira,POR,DF,Boavista,32,1990,26,20,"1,729",19.2,0,1,1,0,0,0,4,0,0.2,0.2,0.7,0.9,19,63,42,0.00,0.05,0.05,0.00,0.05,0.01,0.04,0.05,0.01,0.05
Marcelo dos Santos Ferreira,BRA,DF,Moreirense,34,1989,26,26,"2,340",26.0,2,1,3,2,0,0,4,0,0.9,0.9,0.3,1.1,2,55,0,0.08,0.04,0.12,0.08,0.12,0.03,0.01,0.04,0.03,0.04
Vitó Ferreira,POR,MF,Estrela,25,1997,9,8,578,6.4,0,0,0,0,0,0,0,0,0.2,0.2,0.2,0.5,2,24,10,0.00,0.00,0.00,0.00,0.00,0.04,0.04,0.07,0.04,0.07
Daniel Figueira,POR,GK,Estoril,25,1998,12,12,"1,080",12.0,0,0,0,0,0,0,1,0,0.0,0.0,0.0,0.0,0,0,0,0.00,0.00,0.00,0.00,0.00,0.00,0.00,0.00,0.00,0.00
Diogo Fonseca,POR,DF,Estrela,21,2002,5,5,433,4.8,0,0,0,0,0,0,0,0,0.5,0.5,0.0,0.5,2,6,0,0.00,0.00,0.00,0.00,0.00,0.10,0.00,0.10,0.10,0.10
Tiago Fonseca Morais,POR,"FW,MF",Boavista,19,2003,17,17,"1,374",15.3,6,2,8,5,1,1,5,2,2.8,2.0,2.8,4.9,41,70,98,0.39,0.13,0.52,0.33,0.46,0.19,0.19,0.37,0.13,0.32
Théo Fonseca,FRA,FW,Famalicão,23,2000,14,8,647,7.2,2,0,2,2,0,0,0,0,2.0,2.0,0.2,2.2,6,11,25,0.28,0.00,0.28,0.28,0.28,0.28,0.03,0.30,0.28,0.30
José Fonte,POR,DF,Braga,39,1983,19,16,"1,513",16.8,0,0,0,0,0,0,8,0,0.3,0.3,0.8,1.1,10,84,5,0.00,0.00,0.00,0.00,0.00,0.02,0.05,0.06,0.02,0.06
Hernâni Fortes,POR,FW,Rio Ave,31,1991,12,3,339,3.8,0,1,1,0,0,0,0,0,0.4,0.4,0.9,1.3,7,4,33,0.00,0.27,0.27,0.00,0.27,0.10,0.25,0.35,0.10,0.35
André Franco,POR,"MF,FW",Porto,25,1998,15,5,441,4.9,0,1,1,0,0,0,1,0,0.7,0.7,1.8,2.5,8,31,27,0.00,0.20,0.20,0.00,0.20,0.14,0.37,0.51,0.14,0.51
Gonçalo Franco,POR,MF,Moreirense,22,2000,33,32,"2,721",30.2,2,4,6,2,0,0,7,0,1.9,1.9,3.0,4.8,17,103,57,0.07,0.13,0.20,0.07,0.20,0.06,0.10,0.16,0.06,0.16
Afonso freitas,POR,"DF,MF",Vitória,23,2000,13,11,726,8.1,0,0,0,0,0,0,3,0,0.2,0.2,0.4,0.5,8,18,50,0.00,0.00,0.00,0.00,0.00,0.02,0.04,0.07,0.02,0.07
Iván Fresneda,ESP,"MF,DF",Sporting CP,18,2004,5,0,39,0.4,0,0,0,0,0,0,0,0,0.0,0.0,0.0,0.0,3,2,3,0.00,0.00,0.00,0.00,0.00,0.05,0.00,0.05,0.05,0.05
Godfried Frimpong,NED,DF,Moreirense,24,1999,31,21,"2,012",22.4,1,2,3,1,0,0,2,0,0.2,0.2,1.6,1.8,24,75,79,0.04,0.09,0.13,0.04,0.13,0.01,0.07,0.08,0.01,0.08
Kanya Fujimoto,JPN,MF,Gil Vicente FC,24,1999,33,21,"2,000",22.2,3,6,9,2,1,1,0,0,3.5,2.8,3.1,5.8,41,103,102,0.14,0.27,0.41,0.09,0.36,0.16,0.14,0.30,0.12,0.26
Taichi Fukui,JPN,MF,Portimonense,19,2004,11,7,596,6.6,1,1,2,1,0,0,0,0,0.4,0.4,0.7,1.2,7,24,11,0.15,0.15,0.30,0.15,0.30,0.07,0.11,0.18,0.07,0.18
Galeno,BRA,"FW,MF",Porto,25,1997,31,24,"2,238",24.9,9,7,16,8,1,2,5,0,9.2,7.6,5.3,12.9,107,66,312,0.36,0.28,0.64,0.32,0.60,0.37,0.21,0.58,0.31,0.52
Nino Galović,CRO,DF,Arouca,31,1992,18,16,"1,441",16.0,0,1,1,0,0,0,3,0,0.4,0.4,0.5,0.9,3,41,1,0.00,0.06,0.06,0.00,0.06,0.02,0.03,0.06,0.02,0.06
Fabrício Garcia,CPV,"FW,MF",Estoril,22,2001,10,3,329,3.7,2,0,2,2,0,0,1,0,1.0,1.0,0.1,1.0,11,6,19,0.55,0.00,0.55,0.55,0.55,0.26,0.02,0.28,0.26,0.28
Bruno Gaspar,ANG,"MF,DF",Vitória,30,1993,28,28,"2,286",25.4,2,3,5,2,0,0,7,0,1.6,1.6,2.2,3.8,46,91,212,0.08,0.12,0.20,0.08,0.20,0.06,0.09,0.15,0.06,0.15
Mory Gbane,CIV,MF,Gil Vicente FC,22,2000,29,21,"1,912",21.2,1,0,1,1,0,0,7,0,1.2,1.2,0.2,1.3,16,74,14,0.05,0.00,0.05,0.05,0.05,0.05,0.01,0.06,0.05,0.06
André Geraldes,POR,"MF,DF",Casa Pia,32,1991,16,5,604,6.7,0,0,0,0,0,0,2,0,0.1,0.1,0.0,0.1,5,15,22,0.00,0.00,0.00,0.00,0.00,0.01,0.00,0.01,0.01,0.01
Saviour Godwin,NGA,"FW,MF",Casa Pia,26,1996,4,4,344,3.8,1,0,1,0,1,1,0,0,1.4,0.6,0.1,0.7,23,8,31,0.26,0.00,0.26,0.00,0.00,0.36,0.03,0.39,0.16,0.19
Eulânio Ângelo Chipela Gomes,GNB,MF,Estrela,29,1994,12,6,581,6.5,0,1,1,0,0,0,2,0,0.1,0.1,0.8,1.0,16,20,31,0.00,0.15,0.15,0.00,0.15,0.02,0.13,0.15,0.02,0.15
Rodrigo Gomes,POR,"MF,DF",Estoril,20,2003,30,26,"2,445",27.2,7,7,14,7,0,0,5,1,6.4,6.4,3.1,9.4,93,67,174,0.26,0.26,0.52,0.26,0.52,0.23,0.11,0.35,0.23,0.35
Vítor Gomes,POR,MF,Rio Ave,35,1987,17,1,328,3.6,0,0,0,0,0,0,3,0,0.1,0.1,0.5,0.6,0,17,1,0.00,0.00,0.00,0.00,0.00,0.03,0.13,0.16,0.03,0.16
Victor Gomez,ESP,DF,Braga,23,2000,30,26,"2,038",22.6,0,2,2,0,0,0,3,2,0.4,0.4,4.8,5.3,41,145,174,0.00,0.09,0.09,0.00,0.09,0.02,0.21,0.23,0.02,0.23
Nuno Gonçalo Moreira,POR,"FW,MF",Casa Pia,24,1999,15,14,"1,018",11.3,2,1,3,2,0,0,2,0,1.8,1.8,1.2,3.0,14,61,58,0.18,0.09,0.27,0.18,0.27,0.16,0.11,0.26,0.16,0.26
Nuno Gonçalo Moreira,POR,"FW,MF",Vizela,24,1999,15,14,962,10.7,1,2,3,1,0,0,1,0,1.9,1.9,2.4,4.4,20,52,69,0.09,0.19,0.28,0.09,0.28,0.18,0.23,0.41,0.18,0.41
João Gonçalves,POR,GK,Boavista,22,2000,34,34,"3,060",34.0,0,0,0,0,0,0,4,0,0.0,0.0,0.0,0.0,0,1,0,0.00,0.00,0.00,0.00,0.00,0.00,0.00,0.00,0.00,0.00
Jota Gonçalves,POR,DF,Vizela,23,2000,18,16,"1,449",16.1,0,0,0,0,0,0,3,0,0.4,0.4,0.1,0.6,9,62,3,0.00,0.00,0.00,0.00,0.00,0.03,0.01,0.03,0.03,0.03
Pedro Gonçalves,POR,"FW,MF",Sporting CP,25,1998,32,32,"2,573",28.6,11,12,23,11,0,0,4,0,11.0,11.0,9.4,20.4,73,153,211,0.38,0.42,0.80,0.38,0.80,0.39,0.33,0.71,0.39,0.71
Vítor Gonçalves,POR,MF,Farense,31,1992,24,6,690,7.7,1,0,1,1,0,0,0,0,0.9,0.9,0.7,1.7,8,29,24,0.13,0.00,0.13,0.13,0.13,0.12,0.09,0.22,0.12,0.22
Cristo González,ESP,"FW,MF",Arouca,25,1997,34,33,"2,777",30.9,15,9,24,12,3,6,3,0,12.6,7.8,6.9,14.7,65,134,223,0.49,0.29,0.78,0.39,0.68,0.41,0.22,0.63,0.25,0.48
Nicolás González,ESP,MF,Porto,21,2002,25,20,"1,699",18.9,2,1,3,2,0,0,7,0,3.5,3.5,1.3,4.8,30,137,49,0.11,0.05,0.16,0.11,0.16,0.18,0.07,0.25,0.18,0.25
Tiago Gouveia,POR,FW,Benfica,22,2001,13,5,537,6.0,2,3,5,2,0,0,1,0,1.8,1.8,2.2,4.0,15,25,58,0.34,0.50,0.84,0.34,0.84,0.31,0.37,0.68,0.31,0.68
João Graça,POR,MF,Rio Ave,28,1995,28,14,"1,196",13.3,0,0,0,0,0,0,10,0,0.6,0.6,0.4,1.0,25,72,31,0.00,0.00,0.00,0.00,0.00,0.05,0.03,0.08,0.05,0.08
Marko Grujić,SRB,MF,Porto,27,1996,10,3,290,3.2,0,1,1,0,0,0,1,0,0.1,0.1,0.8,0.9,3,36,3,0.00,0.31,0.31,0.00,0.31,0.03,0.25,0.28,0.03,0.28
Gonçalo Guedes,POR,"FW,MF",Benfica,26,1996,9,1,124,1.4,0,0,0,0,0,0,0,0,0.3,0.3,0.0,0.3,9,5,25,0.00,0.00,0.00,0.00,0.00,0.19,0.00,0.19,0.19,0.19
Guga,POR,"DF,MF",Portimonense,19,2003,27,17,"1,534",17.0,1,1,2,1,0,0,6,0,0.5,0.5,1.2,1.7,24,20,75,0.06,0.06,0.12,0.06,0.12,0.03,0.07,0.10,0.03,0.10
Ricardo Guimarães,MOZ,MF,Chaves,27,1995,22,15,"1,251",13.9,0,1,1,0,0,0,7,0,0.3,0.3,0.7,1.0,14,40,24,0.00,0.07,0.07,0.00,0.07,0.02,0.05,0.07,0.02,0.07
Rafik Guitane,FRA,"FW,MF",Estoril,24,1999,33,31,"2,711",30.1,5,3,8,5,0,0,0,0,2.6,2.6,5.6,8.2,145,129,174,0.17,0.10,0.27,0.17,0.27,0.08,0.19,0.27,0.08,0.27
Raphael Guzzo,POR,"MF,FW",Chaves,28,1995,17,16,"1,185",13.2,2,0,2,2,0,0,5,0,1.5,1.5,0.9,2.4,15,54,40,0.15,0.00,0.15,0.15,0.15,0.11,0.07,0.18,0.11,0.18
Viktor Gyökeres,SWE,FW,Sporting CP,25,1998,33,32,"2,913",32.4,29,10,39,24,5,5,3,0,22.5,18.7,7.7,26.4,114,51,355,0.90,0.31,1.20,0.74,1.05,0.69,0.24,0.93,0.58,0.82
Justin de Haas,NED,DF,Famalicão,23,2000,22,18,"1,603",17.8,1,0,1,1,0,0,5,1,1.4,1.4,0.1,1.5,2,39,1,0.06,0.00,0.06,0.06,0.06,0.08,0.01,0.09,0.08,0.09
Yanis Hamache,ALG,DF,Arouca,24,1999,2,0,43,0.5,0,0,0,0,0,0,0,0,0.0,0.0,0.0,0.0,1,6,9,0.00,0.00,0.00,0.00,0.00,0.00,0.00,0.00,0.00,0.00
Tomás Händel,POR,MF,Vitória,22,2000,31,29,"2,518",28.0,2,1,3,2,0,0,5,0,1.7,1.7,1.4,3.1,51,145,46,0.07,0.04,0.11,0.07,0.11,0.06,0.05,0.11,0.06,0.11
Héctor,ESP,FW,Chaves,27,1995,32,32,"2,596",28.8,14,1,15,9,5,6,2,0,12.7,8.0,0.6,8.6,11,46,73,0.49,0.03,0.52,0.31,0.35,0.44,0.02,0.46,0.28,0.30
Gustavo Henrique,BRA,"DF,MF",Estrela,24,1999,4,1,129,1.4,0,0,0,0,0,0,0,0,0.3,0.3,0.3,0.6,2,5,10,0.00,0.00,0.00,0.00,0.00,0.24,0.18,0.41,0.24,0.41
Morten Hjulmand,DEN,MF,Sporting CP,24,1999,30,28,"2,190",24.3,3,2,5,3,0,0,12,0,1.9,1.9,1.6,3.5,5,104,26,0.12,0.08,0.21,0.12,0.21,0.08,0.07,0.14,0.08,0.14
Jordan Holsgrove,SCO,MF,Estoril,23,1999,15,15,"1,172",13.0,2,2,4,2,0,0,6,1,0.6,0.6,1.2,1.9,14,87,9,0.15,0.15,0.31,0.15,0.31,0.05,0.09,0.14,0.05,0.14
André Horta,POR,MF,Braga,26,1996,14,5,553,6.1,2,1,3,2,0,0,0,0,0.5,0.5,1.0,1.5,16,79,23,0.33,0.16,0.49,0.33,0.49,0.09,0.16,0.25,0.09,0.25
Ricardo Horta,POR,"FW,MF",Braga,28,1994,28,27,"2,336",26.0,9,4,13,9,0,0,3,0,7.1,7.1,7.2,14.3,37,138,180,0.35,0.15,0.50,0.35,0.50,0.27,0.28,0.55,0.27,0.55
André Inácio,BRA,"FW,MF",Estrela,21,2002,27,13,"1,198",13.3,4,0,4,4,0,0,2,0,5.9,5.9,0.8,6.7,43,25,79,0.30,0.00,0.30,0.30,0.30,0.44,0.06,0.50,0.44,0.50
Gonçalo Inácio,POR,DF,Sporting CP,21,2001,32,28,"2,482",27.6,1,0,1,1,0,0,8,1,1.1,1.1,0.3,1.5,35,236,8,0.04,0.00,0.04,0.04,0.04,0.04,0.01,0.05,0.04,0.05
Hernani Infande,POR,"FW,MF",Moreirense,22,2001,5,1,84,0.9,1,0,1,1,0,0,0,0,0.5,0.5,0.0,0.5,3,1,4,1.07,0.00,1.07,1.07,1.07,0.53,0.00,0.53,0.53,0.53
Fabrício Isidoro,BRA,MF,Farense,31,1992,32,19,"1,665",18.5,3,1,4,3,0,0,8,1,1.6,1.6,1.1,2.7,21,76,48,0.16,0.05,0.22,0.16,0.22,0.08,0.06,0.15,0.08,0.15
Ismael,POR,MF,Moreirense,24,1999,18,5,562,6.2,0,0,0,0,0,0,5,0,0.0,0.0,0.0,0.0,5,16,4,0.00,0.00,0.00,0.00,0.00,0.00,0.00,0.00,0.00,0.00
Franco Israel,URU,GK,Sporting CP,23,2000,10,10,900,10.0,0,0,0,0,0,0,0,0,0.0,0.0,0.0,0.0,0,0,0,0.00,0.00,0.00,0.00,0.00,0.00,0.00,0.00,0.00,0.00
Abass Issah,GHA,"MF,FW",Chaves,24,1998,7,3,308,3.4,0,2,2,0,0,0,1,0,0.8,0.8,0.7,1.5,8,9,24,0.00,0.58,0.58,0.00,0.58,0.22,0.20,0.42,0.22,0.42
Léo Jabá,BRA,"FW,MF",Estrela,24,1998,31,29,"2,219",24.7,5,4,9,4,1,1,3,1,3.7,2.9,6.2,9.1,88,66,167,0.20,0.16,0.37,0.16,0.32,0.15,0.25,0.40,0.12,0.37
Ivan Jaime Pajuelo,ESP,"MF,FW",Porto,22,2000,21,5,566,6.3,1,0,1,1,0,0,0,0,1.1,1.1,0.6,1.8,14,32,43,0.16,0.00,0.16,0.16,0.16,0.18,0.10,0.28,0.18,0.28
Jajá,BRA,"FW,MF",Casa Pia,22,2001,12,3,429,4.8,0,0,0,0,0,0,0,0,0.3,0.3,0.4,0.7,25,15,36,0.00,0.00,0.00,0.00,0.00,0.06,0.09,0.15,0.06,0.15
Jardel,GNB,"FW,MF",Vizela,25,1997,13,1,185,2.1,0,1,1,0,0,0,0,0,0.5,0.5,0.7,1.2,9,12,20,0.00,0.49,0.49,0.00,0.49,0.22,0.35,0.57,0.22,0.57
Jason,ESP,"FW,MF",Arouca,29,1994,34,32,"2,565",28.5,6,5,11,6,0,0,4,0,7.1,7.1,5.9,12.9,51,96,234,0.21,0.18,0.39,0.21,0.39,0.25,0.21,0.45,0.25,0.45
Sylvester Jasper,BUL,"FW,MF",Portimonense,21,2001,24,20,"1,673",18.6,2,2,4,2,0,0,2,0,3.0,3.0,2.0,5.0,50,37,107,0.11,0.11,0.22,0.11,0.22,0.16,0.11,0.27,0.16,0.27
Anderson Jesus,BRA,DF,Vizela,28,1995,29,27,"2,489",27.7,0,0,0,0,0,0,5,0,0.7,0.7,0.4,1.1,7,54,0,0.00,0.00,0.00,0.00,0.00,0.03,0.01,0.04,0.03,0.04
Jhonatan,BRA,GK,Rio Ave,32,1991,26,26,"2,340",26.0,0,0,0,0,0,0,4,0,0.0,0.0,0.0,0.0,0,2,1,0.00,0.00,0.00,0.00,0.00,0.00,0.00,0.00,0.00,0.00
Jo,BRA,"FW,MF",Chaves,28,1995,27,9,"1,016",11.3,2,2,4,2,0,0,1,0,3.4,3.4,1.2,4.7,7,6,45,0.18,0.18,0.35,0.18,0.35,0.31,0.11,0.41,0.31,0.41
Joca,POR,"FW,MF",Rio Ave,27,1996,28,21,"1,707",19.0,4,2,6,4,0,0,2,0,2.5,2.5,1.7,4.2,38,79,78,0.21,0.11,0.32,0.21,0.32,0.13,0.09,0.22,0.13,0.22
Nemanja Jović,SRB,MF,Estoril,20,2002,3,0,15,0.2,0,0,0,0,0,0,0,0,0.0,0.0,0.0,0.0,0,0,1,0.00,0.00,0.00,0.00,0.00,0.00,0.00,0.00,0.00,0.00
Luiz Lúcio Reis Júnior,BRA,GK,Famalicão,22,2001,33,33,"2,970",33.0,0,0,0,0,0,0,2,0,0.0,0.0,0.1,0.1,0,0,0,0.00,0.00,0.00,0.00,0.00,0.00,0.00,0.00,0.00,0.00
David Jurásek,CZE,DF,Benfica,22,2000,6,2,259,2.9,0,0,0,0,0,0,1,0,0.1,0.1,0.7,0.9,8,9,29,0.00,0.00,0.00,0.00,0.00,0.05,0.26,0.30,0.05,0.30
Samuel Justo,POR,MF,Casa Pia,19,2004,21,5,599,6.7,1,1,2,1,0,0,1,0,0.6,0.6,0.4,0.9,8,22,23,0.15,0.15,0.30,0.15,0.30,0.09,0.06,0.14,0.09,0.14
Kaio,BRA,FW,Vitória,19,2004,12,5,423,4.7,0,0,0,0,0,0,3,0,0.4,0.4,0.1,0.5,6,14,27,0.00,0.00,0.00,0.00,0.00,0.08,0.02,0.10,0.08,0.10
Kazu,BRA,"DF,FW",Gil Vicente FC,23,2000,3,0,56,0.6,0,0,0,0,0,0,0,0,0.0,0.0,0.1,0.1,4,5,5,0.00,0.00,0.00,0.00,0.00,0.00,0.11,0.11,0.00,0.11
Keliano,ANG,MF,Estrela,20,2003,9,0,120,1.3,0,0,0,0,0,0,0,0,0.2,0.2,0.0,0.2,0,3,3,0.00,0.00,0.00,0.00,0.00,0.16,0.00,0.16,0.16,0.16
Kewin,BRA,GK,Moreirense,27,1995,30,30,"2,686",29.8,0,0,0,0,0,0,1,0,0.0,0.0,0.0,0.0,0,0,0,0.00,0.00,0.00,0.00,0.00,0.00,0.00,0.00,0.00,0.00
Kialonda,ANG,DF,Estrela,25,1997,27,27,"2,348",26.1,1,0,1,1,0,0,9,0,1.4,1.4,0.6,2.0,16,86,5,0.04,0.00,0.04,0.04,0.04,0.05,0.02,0.08,0.05,0.08
Kikas,POR,"FW,MF",Estrela,24,1998,31,15,"1,561",17.3,8,1,9,8,0,0,4,0,6.9,6.9,2.1,9.1,13,27,91,0.46,0.06,0.52,0.46,0.52,0.40,0.12,0.52,0.40,0.52
Francisco Kiki,POR,MF,Casa Pia,25,1998,1,0,5,0.1,0,0,0,0,0,0,0,0,0.0,0.0,0.0,0.0,0,1,1,0.00,0.00,0.00,0.00,0.00,0.00,0.00,0.00,0.00,0.00
Kobamelo Kodisang,RSA,FW,Moreirense,23,1999,31,19,"1,617",18.0,1,3,4,1,0,0,0,0,3.5,3.5,2.5,6.0,49,34,124,0.06,0.17,0.22,0.06,0.22,0.19,0.14,0.33,0.19,0.33
Koba Koindredi,FRA,MF,Estoril,21,2001,11,6,566,6.3,0,0,0,0,0,0,0,0,0.3,0.3,0.3,0.6,10,27,9,0.00,0.00,0.00,0.00,0.00,0.04,0.05,0.09,0.04,0.09
Koba Koindredi,FRA,MF,Sporting CP,21,2001,4,0,32,0.4,0,0,0,0,0,0,0,0,0.0,0.0,0.0,0.0,1,1,0,0.00,0.00,0.00,0.00,0.00,0.00,0.00,0.00,0.00,0.00
Orkun Kökçü,TUR,MF,Benfica,22,2000,27,23,"1,786",19.8,7,8,15,6,1,1,7,0,5.1,4.3,5.6,9.9,51,198,61,0.35,0.40,0.76,0.30,0.71,0.26,0.28,0.54,0.22,0.50
Eboue Kouassi,CIV,MF,Arouca,25,1997,25,14,"1,352",15.0,0,0,0,0,0,0,5,1,0.7,0.7,0.4,1.1,6,58,9,0.00,0.00,0.00,0.00,0.00,0.05,0.03,0.07,0.05,0.07
Kevin Krygård,NOR,"MF,DF",Casa Pia,23,2000,3,0,59,0.7,0,0,0,0,0,0,0,0,0.0,0.0,0.0,0.0,0,4,0,0.00,0.00,0.00,0.00,0.00,0.00,0.00,0.00,0.00,0.00
Matías Lacava,VEN,"FW,MF",Vizela,20,2002,20,18,"1,334",14.8,0,4,4,0,0,0,7,2,1.2,1.2,3.4,4.6,31,33,110,0.00,0.27,0.27,0.00,0.27,0.08,0.23,0.31,0.08,0.31
Tom Lacoux,FRA,MF,Famalicão,21,2002,9,5,364,4.0,0,0,0,0,0,0,1,0,0.2,0.2,0.0,0.2,3,9,2,0.00,0.00,0.00,0.00,0.00,0.04,0.01,0.05,0.04,0.05
André Lacximicant,POR,"FW,MF",Casa Pia,22,2001,13,1,218,2.4,1,1,2,1,0,0,0,0,0.2,0.2,0.4,0.6,5,4,12,0.41,0.41,0.83,0.41,0.83,0.09,0.17,0.26,0.09,0.26
Rúben Lameiras,POR,"FW,MF",Casa Pia,28,1994,15,5,553,6.1,0,1,1,0,0,0,2,0,0.4,0.4,1.3,1.7,13,25,27,0.00,0.16,0.16,0.00,0.16,0.07,0.22,0.28,0.07,0.28
Rúben Lameiras,POR,"FW,MF",Chaves,28,1994,5,4,206,2.3,0,0,0,0,0,0,1,0,0.1,0.1,0.2,0.3,2,7,5,0.00,0.00,0.00,0.00,0.00,0.04,0.08,0.13,0.04,0.13
Bruno Langa,MOZ,"DF,MF",Chaves,25,1997,15,12,"1,075",11.9,1,0,1,1,0,0,5,1,0.3,0.3,0.8,1.1,26,64,42,0.08,0.00,0.08,0.08,0.08,0.02,0.07,0.09,0.02,0.09
Larra,ESP,"DF,MF",Casa Pia,25,1997,32,30,"2,514",27.9,2,1,3,2,0,0,4,0,1.1,1.1,2.1,3.2,71,83,96,0.07,0.04,0.11,0.07,0.11,0.04,0.08,0.12,0.04,0.12
Yusuf Lawal,NGA,"FW,MF",Arouca,25,1998,17,1,233,2.6,0,1,1,0,0,0,1,0,0.0,0.0,0.4,0.4,12,5,26,0.00,0.39,0.39,0.00,0.39,0.00,0.15,0.15,0.00,0.15
Orest Lebedenko,UKR,DF,Vizela,24,1998,23,16,"1,448",16.1,2,1,3,2,0,0,3,0,1.3,1.3,1.2,2.5,34,37,31,0.12,0.06,0.19,0.12,0.19,0.08,0.07,0.16,0.08,0.16
Leonardo Lelo,POR,"DF,MF",Casa Pia,23,2000,33,33,"2,942",32.7,1,2,3,1,0,0,0,0,1.0,1.0,1.8,2.8,45,99,114,0.03,0.06,0.09,0.03,0.09,0.03,0.05,0.08,0.03,0.08
Marcos Leonardo,BRA,FW,Benfica,20,2003,14,3,331,3.7,7,0,7,7,0,0,1,0,4.7,4.7,0.0,4.7,3,3,15,1.90,0.00,1.90,1.90,1.90,1.28,0.00,1.28,1.28,1.28
Otso Liimatta,FIN,"MF,FW",Famalicão,19,2004,12,5,464,5.2,0,0,0,0,0,0,0,0,0.3,0.3,0.2,0.5,11,8,26,0.00,0.00,0.00,0.00,0.00,0.06,0.04,0.10,0.06,0.10
Rúben Lima,POR,"DF,MF",Estrela,33,1989,14,12,926,10.3,0,1,1,0,0,0,3,0,0.2,0.2,0.7,0.9,5,23,24,0.00,0.10,0.10,0.00,0.10,0.02,0.07,0.09,0.02,0.09
Danny Loader,ENG,"FW,MF",Porto,22,2000,16,1,246,2.7,1,2,3,1,0,0,1,0,1.0,1.0,0.8,1.8,5,10,27,0.37,0.73,1.10,0.37,1.10,0.38,0.29,0.67,0.38,0.67
Jason Lokilo,BEL,"FW,MF",Vizela,24,1998,10,9,701,7.8,1,1,2,1,0,0,0,0,1.0,1.0,1.0,2.0,33,24,62,0.13,0.13,0.26,0.13,0.26,0.13,0.13,0.26,0.13,0.26
Julien Lomboto,,MF,Rio Ave,21,2002,2,0,7,0.1,0,0,0,0,0,0,0,0,0.0,0.0,0.0,0.0,0,1,0,0.00,0.00,0.00,0.00,0.00,0.00,0.00,0.00,0.00,0.00
Miguel Lopes,POR,DF,Estrela,36,1986,17,17,"1,320",14.7,0,0,0,0,0,0,2,1,0.4,0.4,0.8,1.2,3,34,2,0.00,0.00,0.00,0.00,0.00,0.03,0.05,0.08,0.03,0.08
Né lopes,POR,DF,Gil Vicente FC,23,2000,5,3,258,2.9,0,0,0,0,0,0,0,0,0.0,0.0,0.0,0.0,3,9,3,0.00,0.00,0.00,0.00,0.00,0.00,0.00,0.00,0.00,0.00
Rony Lopes,POR,"FW,MF",Braga,27,1995,23,2,371,4.1,2,0,2,2,0,0,1,0,1.5,1.5,0.8,2.3,21,27,50,0.49,0.00,0.49,0.49,0.49,0.37,0.19,0.56,0.37,0.56
Bruno Lourenço,POR,"FW,MF",Boavista,25,1998,32,23,"2,016",22.4,5,1,6,3,2,3,4,1,4.1,1.6,1.5,3.1,29,60,90,0.22,0.04,0.27,0.13,0.18,0.18,0.07,0.25,0.07,0.14
Thomas Luciano,BRA,DF,Gil Vicente FC,21,2002,4,0,28,0.3,1,0,1,1,0,0,1,0,0.1,0.1,0.1,0.2,1,2,2,3.21,0.00,3.21,3.21,3.21,0.45,0.18,0.63,0.45,0.63
André Luis,BRA,FW,Moreirense,29,1994,15,15,"1,330",14.8,6,2,8,5,1,1,4,0,3.5,2.7,2.0,4.7,16,29,73,0.41,0.14,0.54,0.34,0.47,0.24,0.13,0.37,0.18,0.32
Florentino Luís,POR,MF,Benfica,23,1999,30,17,"1,680",18.7,0,0,0,0,0,0,8,0,1.5,1.5,0.4,1.9,11,142,20,0.00,0.00,0.00,0.00,0.00,0.08,0.02,0.10,0.08,0.10
José Luis Rodríguez,PAN,FW,Famalicão,25,1998,23,17,"1,495",16.6,1,5,6,1,0,0,3,1,1.6,1.6,1.5,3.2,56,31,98,0.06,0.30,0.36,0.06,0.36,0.10,0.09,0.19,0.10,0.19
Zé Luís,CPV,"FW,MF",Farense,32,1991,15,5,591,6.6,2,1,3,2,0,0,2,0,2.1,2.1,0.7,2.7,10,14,30,0.30,0.15,0.46,0.30,0.46,0.32,0.10,0.42,0.32,0.42
Luismi,EQG,FW,Moreirense,22,2001,15,10,940,10.4,0,0,0,0,0,0,1,0,1.5,1.5,1.4,2.9,19,20,41,0.00,0.00,0.00,0.00,0.00,0.14,0.14,0.28,0.14,0.28
Wallisson Luiz,BRA,"MF,FW",Moreirense,25,1997,11,1,200,2.2,0,0,0,0,0,0,3,1,0.2,0.2,0.0,0.2,1,8,3,0.00,0.00,0.00,0.00,0.00,0.08,0.02,0.10,0.08,0.10
Rodrigo Macedo,POR,"FW,MF",Moreirense,20,2003,5,0,65,0.7,0,0,0,0,0,0,0,0,0.4,0.4,0.0,0.4,2,2,5,0.00,0.00,0.00,0.00,0.00,0.52,0.00,0.52,0.52,0.52
Tiago Machado,POR,"MF,FW",Boavista,19,2004,5,0,22,0.2,0,0,0,0,0,0,0,0,0.0,0.0,0.0,0.0,0,0,2,0.00,0.00,0.00,0.00,0.00,0.00,0.00,0.00,0.00,0.00
Madson,BRA,"FW,MF",Moreirense,23,1999,25,14,"1,337",14.9,5,1,6,5,0,0,2,0,3.2,3.2,1.4,4.7,59,23,135,0.34,0.07,0.40,0.34,0.40,0.22,0.10,0.32,0.22,0.32
Miguel Maga,POR,"DF,MF",Vitória,20,2002,22,8,892,9.9,0,0,0,0,0,0,2,0,0.6,0.6,0.4,1.0,11,36,46,0.00,0.00,0.00,0.00,0.00,0.06,0.04,0.10,0.06,0.10
Magrão,BRA,GK,Rio Ave,23,2000,7,7,630,7.0,0,0,0,0,0,0,0,0,0.0,0.0,0.0,0.0,0,0,0,0.00,0.00,0.00,0.00,0.00,0.00,0.00,0.00,0.00,0.00
Gaius Makouta,CGO,MF,Boavista,26,1997,30,27,"2,328",25.9,2,2,4,2,0,0,9,0,2.1,2.1,1.1,3.1,51,102,83,0.08,0.08,0.15,0.08,0.15,0.08,0.04,0.12,0.08,0.12
Pedro Malheiro,POR,"DF,MF",Boavista,22,2001,23,23,"1,971",21.9,2,2,4,2,0,0,9,1,0.5,0.5,2.7,3.2,33,66,53,0.09,0.09,0.18,0.09,0.18,0.02,0.12,0.15,0.02,0.15
Eliaquim Mangala,FRA,DF,Estoril,32,1991,17,12,"1,041",11.6,1,0,1,1,0,0,3,0,0.9,0.9,0.1,1.0,2,26,0,0.09,0.00,0.09,0.09,0.09,0.08,0.01,0.08,0.08,0.08
Ricardo Mangas,POR,"MF,DF",Vitória,25,1998,23,21,"1,905",21.2,1,3,4,1,0,0,2,0,2.0,2.0,3.1,5.1,46,56,154,0.05,0.14,0.19,0.05,0.19,0.10,0.14,0.24,0.10,0.24
Mansur,BRA,DF,Estrela,30,1993,20,15,"1,408",15.6,0,1,1,0,0,0,6,2,0.4,0.4,1.2,1.6,17,58,13,0.00,0.06,0.06,0.00,0.06,0.02,0.07,0.10,0.02,0.10
Manuel Manu,POR,"DF,MF",Vitória,22,2001,23,19,"1,776",19.7,2,0,2,2,0,0,5,0,1.3,1.3,0.5,1.8,8,70,5,0.10,0.00,0.10,0.10,0.10,0.07,0.03,0.09,0.07,0.09
Zé Manuel,POR,"FW,MF",Rio Ave,32,1990,24,3,590,6.6,2,0,2,2,0,0,2,0,1.7,1.7,0.6,2.2,7,17,28,0.31,0.00,0.31,0.31,0.31,0.25,0.09,0.34,0.25,0.34
Maracás,BRA,DF,Moreirense,29,1994,29,29,"2,561",28.5,3,0,3,3,0,0,6,1,1.8,1.8,0.1,1.9,3,53,0,0.11,0.00,0.11,0.11,0.11,0.06,0.00,0.07,0.06,0.07
Iván Marcano,ESP,DF,Porto,36,1987,5,5,367,4.1,2,0,2,2,0,0,1,0,1.3,1.3,0.1,1.4,6,45,0,0.49,0.00,0.49,0.49,0.49,0.32,0.03,0.35,0.32,0.35
Adrián Marín,ESP,DF,Braga,26,1997,8,3,322,3.6,0,0,0,0,0,0,0,0,0.2,0.2,0.3,0.5,8,21,19,0.00,0.00,0.00,0.00,0.00,0.04,0.10,0.14,0.04,0.14
João Mário,POR,"FW,MF",Benfica,30,1993,31,29,"2,424",26.9,3,1,4,2,1,1,4,0,7.0,6.2,2.5,8.7,69,192,186,0.11,0.04,0.15,0.07,0.11,0.26,0.09,0.35,0.23,0.32
João Mário Lopes,POR,DF,Porto,23,2000,27,25,"2,063",22.9,2,1,3,2,0,0,5,0,1.2,1.2,2.6,3.8,99,129,190,0.09,0.04,0.13,0.09,0.13,0.05,0.11,0.17,0.05,0.17
Marlon,BRA,"FW,MF",Gil Vicente FC,25,1997,13,4,432,4.8,0,0,0,0,0,0,2,0,0.1,0.1,0.4,0.5,14,15,37,0.00,0.00,0.00,0.00,0.00,0.03,0.08,0.11,0.03,0.11
Uladzislaŭ Marozaŭ,BLR,"FW,MF",Arouca,22,2000,3,2,144,1.6,0,0,0,0,0,0,0,0,0.2,0.2,0.0,0.2,3,0,6,0.00,0.00,0.00,0.00,0.00,0.10,0.01,0.12,0.10,0.12
Alejandro Marqués,VEN,FW,Estoril,22,2000,31,13,"1,361",15.1,9,1,10,8,1,1,3,0,7.1,6.3,0.7,7.0,5,16,39,0.60,0.07,0.66,0.53,0.60,0.47,0.05,0.52,0.42,0.46
Gustavo Marques,BRA,DF,Benfica,21,2001,1,0,3,0.0,0,0,0,0,0,0,0,0,0.0,0.0,0.0,0.0,0,0,0,0.00,0.00,0.00,0.00,0.00,0.00,0.00,0.00,0.00,0.00
Igor Marques,BRA,"DF,MF",Portimonense,24,1999,27,16,"1,488",16.5,1,1,2,1,0,0,5,0,0.2,0.2,1.5,1.7,37,57,59,0.06,0.06,0.12,0.06,0.12,0.01,0.09,0.10,0.01,0.10
João Marques,POR,"MF,FW",Estoril,21,2002,32,22,"1,969",21.9,5,5,10,5,0,0,8,0,4.1,4.1,2.5,6.6,40,73,94,0.23,0.23,0.46,0.23,0.46,0.19,0.11,0.30,0.19,0.30
Toni Martínez,ESP,FW,Porto,26,1997,20,5,519,5.8,4,0,4,4,0,0,3,0,2.6,2.6,0.6,3.2,4,5,36,0.69,0.00,0.69,0.69,0.69,0.46,0.10,0.56,0.46,0.56
Rafael Martins,BRA,MF,Casa Pia,34,1989,2,0,26,0.3,0,0,0,0,0,0,0,0,0.0,0.0,0.0,0.0,0,0,1,0.00,0.00,0.00,0.00,0.00,0.00,0.00,0.00,0.00,0.00
Rodrigo Martins,POR,"DF,FW",Estoril,24,1998,2,0,6,0.1,0,0,0,0,0,0,0,0,0.0,0.0,0.0,0.0,1,0,0,0.00,0.00,0.00,0.00,0.00,0.00,0.00,0.00,0.00,0.00
Rodrigo Martins,POR,FW,Portimonense,24,1998,9,2,237,2.6,0,0,0,0,0,0,1,0,0.6,0.6,0.2,0.7,11,7,14,0.00,0.00,0.00,0.00,0.00,0.22,0.06,0.28,0.22,0.28
Matheus,BRA,GK,Braga,31,1992,34,34,"3,060",34.0,0,0,0,0,0,0,3,0,0.0,0.0,0.0,0.0,0,3,0,0.00,0.00,0.00,0.00,0.00,0.00,0.00,0.00,0.00,0.00
Marco Matias,POR,"FW,MF",Farense,34,1989,33,29,"2,297",25.5,2,5,7,2,0,0,4,0,5.9,5.9,3.2,9.2,44,54,118,0.08,0.20,0.27,0.08,0.27,0.23,0.13,0.36,0.23,0.36
Nuno Matos,POR,DF,Braga,18,2004,1,0,13,0.1,0,0,0,0,0,0,0,0,0.0,0.0,0.0,0.0,1,0,1,0.00,0.00,0.00,0.00,0.00,0.00,0.00,0.00,0.00,0.00
Maurício,BRA,MF,Portimonense,34,1988,7,6,451,5.0,0,0,0,0,0,0,1,0,0.7,0.7,0.0,0.7,2,16,4,0.00,0.00,0.00,0.00,0.00,0.14,0.01,0.15,0.14,0.15
Rodrigo Melro,POR,DF,Chaves,19,2004,1,0,1,0.0,0,0,0,0,0,0,0,0,0.0,0.0,0.0,0.0,0,0,0,0.00,0.00,0.00,0.00,0.00,0.00,0.00,0.00,0.00,0.00
João Mendes,POR,"FW,MF",Vitória,28,1994,26,18,"1,442",16.0,7,3,10,7,0,0,4,1,5.6,5.6,3.4,9.0,38,82,106,0.44,0.19,0.62,0.44,0.62,0.35,0.21,0.56,0.35,0.56
João Mendes,POR,DF,Porto,23,2000,5,3,284,3.2,0,1,1,0,0,0,0,0,0.1,0.1,0.5,0.5,11,21,26,0.00,0.32,0.32,0.00,0.32,0.02,0.14,0.16,0.02,0.16
Joe Mendes,SWE,DF,Braga,20,2002,17,11,890,9.9,0,2,2,0,0,0,1,0,0.0,0.0,2.4,2.4,38,35,72,0.00,0.20,0.20,0.00,0.20,0.00,0.25,0.25,0.00,0.25
Pedro Mendes,POR,DF,Estrela,32,1990,13,11,809,9.0,0,0,0,0,0,0,1,0,0.2,0.2,0.0,0.2,0,13,0,0.00,0.00,0.00,0.00,0.00,0.03,0.00,0.03,0.03,0.03
Alex Mendez,USA,"MF,FW",Vizela,22,2000,12,3,373,4.1,0,1,1,0,0,0,1,0,0.3,0.3,1.0,1.3,5,28,18,0.00,0.24,0.24,0.00,0.24,0.07,0.25,0.33,0.07,0.33
Miguel Menino,POR,MF,Sporting CP,20,2003,1,0,2,0.0,0,0,0,0,0,0,0,0,0.0,0.0,0.0,0.0,0,0,0,0.00,0.00,0.00,0.00,0.00,0.00,0.00,0.00,0.00,0.00
Benji Michel,USA,"FW,MF",Arouca,25,1997,5,0,45,0.5,0,0,0,0,0,0,0,0,0.1,0.1,0.1,0.1,2,3,4,0.00,0.00,0.00,0.00,0.00,0.10,0.11,0.21,0.10,0.21
Enea Mihaj,ALB,DF,Famalicão,25,1998,18,18,"1,556",17.3,0,0,0,0,0,0,5,0,0.7,0.7,0.1,0.8,4,39,0,0.00,0.00,0.00,0.00,0.00,0.04,0.01,0.05,0.04,0.05
Mika,POR,GK,Moreirense,32,1991,1,0,14,0.2,0,0,0,0,0,0,0,0,0.0,0.0,0.0,0.0,0,0,0,0.00,0.00,0.00,0.00,0.00,0.00,0.00,0.00,0.00,0.00
Bogdan Milovanov,UKR,DF,Arouca,25,1998,22,12,"1,205",13.4,0,0,0,0,0,0,4,1,0.2,0.2,0.4,0.7,22,42,51,0.00,0.00,0.00,0.00,0.00,0.02,0.03,0.05,0.02,0.05
Vinicius Mingotti,BRA,FW,Moreirense,23,2000,16,6,488,5.4,1,0,1,1,0,0,2,0,1.3,1.3,0.7,2.0,1,4,16,0.18,0.00,0.18,0.18,0.18,0.24,0.13,0.38,0.24,0.38
Miro,ANG,"FW,MF",Gil Vicente FC,20,2003,5,1,160,1.8,0,0,0,0,0,0,0,0,0.1,0.1,0.0,0.1,1,3,5,0.00,0.00,0.00,0.00,0.00,0.08,0.00,0.08,0.08,0.08
Cezary Miszta,POL,GK,Rio Ave,21,2001,1,1,90,1.0,0,0,0,0,0,0,0,0,0.0,0.0,0.0,0.0,0,0,0,0.00,0.00,0.00,0.00,0.00,0.00,0.00,0.00,0.00,0.00
Miguel Monteiro,POR,FW,Gil Vicente FC,20,2003,9,1,225,2.5,1,1,2,1,0,0,0,0,1.0,1.0,0.2,1.3,4,1,9,0.40,0.40,0.80,0.40,0.80,0.41,0.10,0.51,0.41,0.51
Francisco Montero,ESP,DF,Arouca,24,1999,29,29,"2,587",28.7,1,1,2,1,0,0,9,0,0.8,0.8,0.5,1.3,20,107,5,0.03,0.03,0.07,0.03,0.07,0.03,0.02,0.04,0.03,0.04
Morato,BRA,DF,Benfica,22,2001,21,17,"1,525",16.9,0,1,1,0,0,0,2,0,0.6,0.6,2.0,2.6,28,65,61,0.00,0.06,0.06,0.00,0.06,0.03,0.12,0.15,0.03,0.15
Hélder Morim,POR,"MF,DF",Chaves,22,2001,18,5,655,7.3,1,0,1,1,0,0,2,0,0.7,0.7,0.6,1.3,3,23,14,0.14,0.00,0.14,0.14,0.14,0.10,0.08,0.18,0.10,0.18
Hidemasa Morita,JPN,MF,Sporting CP,28,1995,29,24,"2,140",23.8,2,4,6,2,0,0,3,0,3.2,3.2,2.6,5.8,19,147,53,0.08,0.17,0.25,0.08,0.25,0.14,0.11,0.24,0.14,0.24
Mosquito,BRA,GK,Arouca,27,1996,2,2,180,2.0,0,0,0,0,0,0,0,0,0.0,0.0,0.0,0.0,0,0,0,0.00,0.00,0.00,0.00,0.00,0.00,0.00,0.00,0.00,0.00
Moura,POR,DF,Famalicão,23,1999,33,33,"2,970",33.0,1,4,5,1,0,0,7,0,0.4,0.4,6.8,7.2,64,127,191,0.03,0.12,0.15,0.03,0.15,0.01,0.21,0.22,0.01,0.22
Rodrigo Moura,BRA,GK,Chaves,27,1996,7,7,630,7.0,0,0,0,0,0,0,0,0,0.0,0.0,0.0,0.0,0,0,0,0.00,0.00,0.00,0.00,0.00,0.00,0.00,0.00,0.00,0.00
João Moutinho,POR,MF,Braga,36,1986,30,23,"2,112",23.5,1,1,2,1,0,1,8,0,1.1,0.3,3.2,3.5,29,216,32,0.04,0.04,0.09,0.04,0.09,0.05,0.14,0.18,0.01,0.15
Rafa Mújica,ESP,FW,Arouca,24,1998,30,29,"2,529",28.1,20,3,23,20,0,0,4,1,16.3,16.3,2.0,18.3,50,21,171,0.71,0.11,0.82,0.71,0.82,0.58,0.07,0.65,0.58,0.65
Petar Musa,CRO,FW,Benfica,25,1998,14,6,519,5.8,5,2,7,5,0,0,1,1,3.8,3.8,1.2,5.0,8,11,29,0.87,0.35,1.21,0.87,1.21,0.66,0.20,0.86,0.66,0.86
Zach Muscat,MLT,DF,Farense,29,1993,22,19,"1,684",18.7,2,0,2,2,0,0,5,1,2.2,2.2,0.1,2.3,2,25,2,0.11,0.00,0.11,0.11,0.11,0.12,0.00,0.12,0.12,0.12
Almoatasem Al Musrati,LBY,MF,Braga,27,1996,11,9,803,8.9,3,0,3,1,2,2,1,0,2.5,1.0,0.3,1.3,4,77,6,0.34,0.00,0.34,0.11,0.11,0.28,0.04,0.32,0.11,0.15
Steve Mvoué,CMR,MF,Portimonense,21,2002,3,1,68,0.8,0,0,0,0,0,0,0,0,0.8,0.8,0.2,1.0,0,2,2,0.00,0.00,0.00,0.00,0.00,1.08,0.20,1.28,1.08,1.28
Kosuke Nakamura,JPN,GK,Portimonense,28,1995,20,20,"1,800",20.0,0,0,0,0,0,0,1,0,0.0,0.0,0.0,0.0,0,0,0,0.00,0.00,0.00,0.00,0.00,0.00,0.00,0.00,0.00,0.00
Nuno Namora,POR,"DF,MF",Rio Ave,25,1998,4,0,30,0.3,0,0,0,0,0,0,0,0,0.0,0.0,0.0,0.0,3,8,2,0.00,0.00,0.00,0.00,0.00,0.00,0.00,0.00,0.00,0.00
Davis Nascimento,BRA,MF,Portimonense,20,2002,1,0,1,0.0,0,0,0,0,0,0,1,0,0.1,0.1,0.0,0.1,0,0,1,0.00,0.00,0.00,0.00,0.00,6.44,0.00,6.44,6.44,6.44
Diogo Nascimento,POR,MF,Vizela,20,2002,34,22,"2,162",24.0,0,1,1,0,0,0,4,0,1.3,1.3,0.8,2.1,27,144,66,0.00,0.04,0.04,0.00,0.04,0.05,0.03,0.09,0.05,0.09
Nathan,BRA,DF,Famalicão,21,2001,28,21,"1,847",20.5,0,0,0,0,0,0,8,0,0.3,0.3,0.9,1.2,57,47,58,0.00,0.00,0.00,0.00,0.00,0.01,0.05,0.06,0.01,0.06
Fran Navarro,ESP,"FW,MF",Porto,25,1998,6,1,174,1.9,0,0,0,0,0,0,0,0,1.2,1.2,0.2,1.4,1,3,6,0.00,0.00,0.00,0.00,0.00,0.62,0.13,0.75,0.62,0.75
Mor Ndiaye,SEN,MF,Estoril,22,2000,8,3,248,2.8,0,0,0,0,0,0,2,0,0.1,0.1,0.0,0.1,0,6,0,0.00,0.00,0.00,0.00,0.00,0.05,0.00,0.05,0.05,0.05
Alioune Ndour,SEN,"FW,MF",Estrela,22,2001,9,0,169,1.9,0,1,1,0,0,0,1,0,1.1,1.1,0.6,1.7,6,5,18,0.00,0.53,0.53,0.00,0.53,0.56,0.33,0.89,0.56,0.89
Cher Ndour,ITA,MF,Braga,19,2004,9,1,211,2.3,1,0,1,1,0,0,1,0,0.3,0.3,0.1,0.4,4,11,7,0.43,0.00,0.43,0.43,0.43,0.13,0.04,0.17,0.13,0.17
Nelson,ANG,"DF,FW",Vitória,25,1998,15,2,408,4.5,1,0,1,1,0,0,1,0,0.7,0.7,0.1,0.8,9,21,41,0.22,0.00,0.22,0.22,0.22,0.15,0.02,0.17,0.15,0.17
David Neres,BRA,FW,Benfica,26,1997,24,12,"1,130",12.6,5,7,12,5,0,0,1,0,4.4,4.4,5.1,9.5,65,50,119,0.40,0.56,0.96,0.40,0.96,0.35,0.41,0.76,0.35,0.76
Neto,BRA,MF,Casa Pia,31,1991,31,27,"2,249",25.0,1,1,2,1,0,0,13,0,0.4,0.4,1.2,1.6,11,122,18,0.04,0.04,0.08,0.04,0.08,0.02,0.05,0.06,0.02,0.06
Luís Neto,POR,DF,Sporting CP,35,1988,7,2,134,1.5,0,0,0,0,0,0,4,0,0.2,0.2,0.0,0.2,3,13,2,0.00,0.00,0.00,0.00,0.00,0.10,0.00,0.10,0.10,0.10
Martim Neto,POR,MF,Gil Vicente FC,20,2003,29,21,"1,867",20.7,0,2,2,0,0,0,7,0,0.5,0.5,1.1,1.6,46,112,27,0.00,0.10,0.10,0.00,0.10,0.03,0.05,0.08,0.03,0.08
João Neves,POR,MF,Benfica,18,2004,33,27,"2,311",25.7,3,1,4,3,0,0,3,0,1.8,1.8,2.3,4.0,43,171,53,0.12,0.04,0.16,0.12,0.16,0.07,0.09,0.16,0.07,0.16
Sikou Niakaté,MLI,DF,Braga,24,1999,19,16,"1,481",16.5,0,0,0,0,0,0,4,1,0.8,0.8,0.3,1.1,9,44,1,0.00,0.00,0.00,0.00,0.00,0.05,0.02,0.07,0.05,0.07
Miguel Nóbrega,POR,DF,Rio Ave,23,2000,22,19,"1,622",18.0,1,0,1,1,0,0,8,0,1.5,0.9,0.7,1.6,21,67,19,0.06,0.00,0.06,0.06,0.06,0.08,0.04,0.12,0.05,0.09
Gonçalo Nogueira,POR,MF,Vitória,19,2003,1,0,5,0.1,0,0,0,0,0,0,0,0,0.0,0.0,0.0,0.0,0,1,0,0.00,0.00,0.00,0.00,0.00,0.00,0.00,0.00,0.00,0.00
Ygor Nogueira,BRA,DF,Chaves,28,1995,21,20,"1,653",18.4,0,0,0,0,0,0,8,3,0.8,0.8,0.5,1.2,10,36,2,0.00,0.00,0.00,0.00,0.00,0.04,0.03,0.07,0.04,0.07
Nonoca,BRA,MF,Portimonense,25,1998,28,22,"1,921",21.3,1,1,2,1,0,0,7,0,1.2,1.2,1.2,2.4,8,35,7,0.05,0.05,0.09,0.05,0.09,0.06,0.06,0.11,0.06,0.11
João Nunes,POR,DF,Casa Pia,27,1995,19,15,"1,322",14.7,1,0,1,1,0,0,1,0,0.3,0.3,0.3,0.6,12,44,4,0.07,0.00,0.07,0.07,0.07,0.02,0.02,0.04,0.02,0.04
Kelechi Nwakali,NGA,MF,Chaves,25,1998,32,25,"2,074",23.0,1,4,5,1,0,0,3,0,0.9,0.9,4.3,5.2,30,151,42,0.04,0.17,0.22,0.04,0.22,0.04,0.19,0.23,0.04,0.23
Régis N’Do,BFA,"FW,MF",Estrela,22,2001,23,8,992,11.0,1,1,2,1,0,0,7,1,2.4,2.4,1.1,3.5,28,38,84,0.09,0.09,0.18,0.09,0.18,0.22,0.10,0.32,0.22,0.32
Tashan Oakley-Boothe,ENG,"MF,DF",Estrela,23,2000,2,0,57,0.6,0,0,0,0,0,0,0,0,0.0,0.0,0.1,0.1,0,3,0,0.00,0.00,0.00,0.00,0.00,0.00,0.14,0.14,0.00,0.14
Lawrence Ofori,GHA,MF,Moreirense,25,1998,31,29,"2,456",27.3,1,1,2,1,0,0,9,0,0.4,0.4,1.2,1.5,37,153,25,0.04,0.04,0.07,0.04,0.07,0.01,0.04,0.06,0.01,0.06
Hugo Oliveira,POR,"DF,MF",Vizela,21,2002,14,4,494,5.5,1,3,4,1,0,0,0,0,0.2,0.2,0.9,1.1,13,15,24,0.18,0.55,0.73,0.18,0.73,0.04,0.16,0.20,0.04,0.20
Mattheus Oliveira,BRA,MF,Farense,29,1994,32,28,"2,229",24.8,5,1,6,4,1,2,5,1,5.1,3.5,5.0,8.6,28,115,56,0.20,0.04,0.24,0.16,0.20,0.21,0.20,0.41,0.14,0.35
Nélson Oliveira,POR,FW,Vitória,31,1991,15,6,604,6.7,2,2,4,2,0,0,5,0,1.6,1.6,0.7,2.3,6,17,51,0.30,0.30,0.60,0.30,0.60,0.24,0.10,0.34,0.24,0.34
Paulo Oliveira,POR,DF,Braga,31,1992,20,19,"1,672",18.6,0,2,2,0,0,0,6,0,0.2,0.2,0.3,0.5,2,55,3,0.00,0.11,0.11,0.00,0.11,0.01,0.02,0.03,0.01,0.03
Talys Oliveira,BRA,DF,Farense,24,1999,13,11,985,10.9,0,0,0,0,0,0,0,0,0.1,0.1,0.8,1.0,18,20,28,0.00,0.00,0.00,0.00,0.00,0.01,0.08,0.09,0.01,0.09
Joneston Omurwa,KEN,DF,Estrela,24,1998,15,13,"1,141",12.7,0,0,0,0,0,0,3,0,0.4,0.4,0.0,0.4,12,36,0,0.00,0.00,0.00,0.00,0.00,0.03,0.00,0.03,0.03,0.03
Bruno Onyemaechi,NGA,"DF,MF",Boavista,24,1999,24,23,"1,970",21.9,0,1,1,0,0,0,3,0,1.5,1.5,2.2,3.7,56,52,81,0.00,0.05,0.05,0.00,0.05,0.07,0.10,0.17,0.07,0.17
Jerome Opoku,GHA,DF,Arouca,24,1998,2,1,135,1.5,0,0,0,0,0,0,0,0,0.0,0.0,0.0,0.0,0,1,1,0.00,0.00,0.00,0.00,0.00,0.02,0.00,0.02,0.02,0.02
Pedro Ortiz,ESP,MF,Vizela,22,2000,15,11,916,10.2,0,0,0,0,0,0,7,0,0.0,0.0,0.2,0.2,6,46,2,0.00,0.00,0.00,0.00,0.00,0.00,0.02,0.02,0.00,0.02
Nicolás Otamendi,ARG,DF,Benfica,35,1988,31,31,"2,752",30.6,2,1,3,2,0,0,11,1,3.4,3.4,1.4,4.8,40,139,22,0.07,0.03,0.10,0.07,0.10,0.11,0.05,0.16,0.11,0.16
Otávio,POR,"MF,FW",Porto,28,1995,1,1,90,1.0,0,0,0,0,0,0,1,0,0.0,0.0,0.1,0.1,1,4,3,0.00,0.00,0.00,0.00,0.00,0.03,0.10,0.13,0.03,0.13
João Othavio Basso,BRA,DF,Estoril,26,1997,14,13,"1,208",13.4,1,0,1,1,0,0,2,0,1.3,1.3,0.0,1.3,10,53,7,0.07,0.00,0.07,0.07,0.07,0.10,0.00,0.10,0.10,0.10
Amine Oudrhiri,MAR,MF,Rio Ave,30,1992,29,28,"2,219",24.7,1,0,1,1,0,0,7,0,0.3,0.3,0.5,0.8,12,108,21,0.04,0.00,0.04,0.04,0.04,0.01,0.02,0.03,0.01,0.03
Pablo,BRA,"FW,MF",Famalicão,19,2004,8,2,197,2.2,0,0,0,0,0,0,3,1,0.2,0.2,0.2,0.4,2,3,9,0.00,0.00,0.00,0.00,0.00,0.10,0.10,0.20,0.10,0.20
Lucas Paes,BRA,GK,Casa Pia,25,1997,4,3,273,3.0,0,0,0,0,0,0,1,0,0.0,0.0,0.0,0.0,0,0,0,0.00,0.00,0.00,0.00,0.00,0.00,0.00,0.00,0.00,0.00
Renato Pantalon,CRO,DF,Rio Ave,25,1997,19,14,"1,342",14.9,1,0,1,1,0,0,7,1,0.2,0.2,0.1,0.2,13,43,5,0.07,0.00,0.07,0.07,0.07,0.01,0.00,0.01,0.01,0.01
Raúl Parra,ESP,DF,Estoril,23,1999,13,7,567,6.3,1,0,1,1,0,0,1,0,0.1,0.1,0.2,0.3,2,24,14,0.16,0.00,0.16,0.16,0.16,0.02,0.03,0.05,0.02,0.05
David Pastor,BRA,DF,Farense,23,2000,30,28,"2,476",27.5,0,2,2,0,0,0,9,1,0.3,0.3,1.8,2.1,47,89,63,0.00,0.07,0.07,0.00,0.07,0.01,0.06,0.08,0.01,0.08
Patrick,BRA,DF,Rio Ave,26,1997,20,12,"1,120",12.4,0,0,0,0,0,0,5,0,0.6,0.6,0.5,1.0,12,30,8,0.00,0.00,0.00,0.00,0.00,0.05,0.04,0.08,0.05,0.08
Paulinho,POR,"FW,MF",Portimonense,23,1999,8,2,169,1.9,0,0,0,0,0,0,0,0,0.6,0.6,0.0,0.6,1,0,5,0.00,0.00,0.00,0.00,0.00,0.31,0.00,0.31,0.31,0.31
Paulinho,POR,"FW,MF",Sporting CP,30,1992,31,11,"1,306",14.5,15,5,20,15,0,0,1,0,9.3,9.3,2.8,12.0,23,53,102,1.03,0.34,1.38,1.03,1.38,0.64,0.19,0.83,0.64,0.83
Ivan Pavlic,BEL,MF,Estoril,21,2001,5,3,180,2.0,0,0,0,0,0,0,0,0,0.0,0.0,0.1,0.1,4,6,5,0.00,0.00,0.00,0.00,0.00,0.00,0.07,0.07,0.00,0.07
Pedrão,BRA,DF,Portimonense,26,1997,30,29,"2,633",29.3,3,1,4,2,1,1,8,1,2.5,1.7,0.6,2.3,30,112,10,0.10,0.03,0.14,0.07,0.10,0.09,0.02,0.11,0.06,0.08
Zé Pedro Figueiredo,POR,DF,Porto,26,1997,12,9,928,10.3,2,0,2,2,0,0,1,0,1.1,1.1,0.8,2.0,9,67,7,0.19,0.00,0.19,0.19,0.19,0.11,0.08,0.19,0.11,0.19
João Pedro,POR,MF,Chaves,30,1993,13,4,408,4.5,0,0,0,0,0,0,1,0,0.3,0.3,0.1,0.3,3,17,7,0.00,0.00,0.00,0.00,0.00,0.06,0.02,0.08,0.06,0.08
Pepe,POR,DF,Porto,40,1983,22,22,"1,880",20.9,1,1,2,1,0,0,4,2,1.7,1.7,0.5,2.2,16,138,5,0.05,0.05,0.10,0.05,0.10,0.08,0.03,0.11,0.08,0.11
Pepê,BRA,"MF,DF",Porto,26,1997,34,32,"2,852",31.7,4,6,10,4,0,0,4,1,5.6,5.6,5.2,10.9,86,192,215,0.13,0.19,0.32,0.13,0.32,0.18,0.16,0.34,0.18,0.34
André Pereira,POR,FW,Rio Ave,28,1995,11,7,584,6.5,1,0,1,1,0,0,3,0,1.0,1.0,0.2,1.3,6,14,31,0.15,0.00,0.15,0.15,0.15,0.16,0.03,0.19,0.16,0.19
Gabriel Pereira,BRA,DF,Gil Vicente FC,23,2000,31,31,"2,777",30.9,4,0,4,4,0,0,8,1,2.9,2.9,0.5,3.4,10,79,5,0.13,0.00,0.13,0.13,0.13,0.09,0.02,0.11,0.09,0.11
Hildeberto Pereira,POR,FW,Portimonense,27,1996,16,10,845,9.4,2,2,4,2,0,0,3,0,1.9,1.9,0.6,2.5,14,14,52,0.21,0.21,0.43,0.21,0.43,0.20,0.06,0.26,0.20,0.26
Matheus Pereira,BRA,"DF,FW",Vizela,22,2000,30,22,"2,096",23.3,3,2,5,3,0,0,10,0,2.1,2.1,2.6,4.7,54,77,111,0.13,0.09,0.21,0.13,0.21,0.09,0.11,0.20,0.09,0.20
Sebastián Pérez Cardona,COL,MF,Boavista,30,1993,28,28,"2,186",24.3,0,0,0,0,0,0,15,2,0.8,0.8,0.3,1.0,13,114,23,0.00,0.00,0.00,0.00,0.00,0.03,0.01,0.04,0.03,0.04
Sava Petrov,SRB,"FW,MF",Vizela,25,1998,9,6,513,5.7,2,0,2,2,0,0,2,1,2.1,2.1,0.1,2.2,18,8,34,0.35,0.00,0.35,0.35,0.35,0.37,0.02,0.39,0.37,0.39
Thibang Phete,RSA,"DF,MF",Chaves,29,1994,9,6,443,4.9,0,0,0,0,0,0,3,0,0.2,0.2,0.0,0.3,0,8,1,0.00,0.00,0.00,0.00,0.00,0.04,0.01,0.05,0.04,0.05
Wagner Pina,CPV,"MF,DF",Estoril,20,2002,22,11,"1,100",12.2,0,0,0,0,0,0,3,0,0.6,0.6,0.3,0.8,17,24,74,0.00,0.00,0.00,0.00,0.00,0.05,0.02,0.07,0.05,0.07
Pedro Pinho,POR,MF,Chaves,23,2000,10,1,248,2.8,1,0,1,1,0,0,1,0,0.2,0.2,0.0,0.2,2,9,2,0.36,0.00,0.36,0.36,0.36,0.06,0.00,0.06,0.06,0.06
Rodrigo Pinho,BRA,FW,Estrela,32,1991,8,4,315,3.5,1,1,2,1,0,0,2,0,0.7,0.7,0.8,1.5,1,9,7,0.29,0.29,0.57,0.29,0.57,0.20,0.23,0.44,0.20,0.44
Alexandre Pinto,POR,DF,Gil Vicente FC,25,1998,14,13,"1,064",11.8,0,0,0,0,0,0,2,0,0.3,0.3,0.5,0.8,18,33,42,0.00,0.00,0.00,0.00,0.00,0.02,0.04,0.07,0.02,0.07
Dinis Pinto,POR,DF,Moreirense,22,2000,13,11,932,10.4,0,2,2,0,0,0,3,0,0.0,0.0,0.4,0.4,13,30,28,0.00,0.19,0.19,0.00,0.19,0.00,0.04,0.04,0.00,0.04
Diogo Pinto,POR,MF,Casa Pia,24,1999,1,0,9,0.1,0,0,0,0,0,0,0,0,0.0,0.0,0.0,0.0,0,1,0,0.00,0.00,0.00,0.00,0.00,0.00,0.00,0.00,0.00,0.00
Diogo Pinto,POR,GK,Sporting CP,19,2004,2,2,171,1.9,0,0,0,0,0,0,0,0,0.0,0.0,0.0,0.0,0,0,0,0.00,0.00,0.00,0.00,0.00,0.00,0.00,0.00,0.00,0.00
Gonçalo Pinto,POR,GK,Chaves,23,2000,1,1,90,1.0,0,0,0,0,0,0,0,0,0.0,0.0,0.0,0.0,0,0,0,0.00,0.00,0.00,0.00,0.00,0.00,0.00,0.00,0.00,0.00
Junior Pius,NGA,DF,Chaves,27,1995,15,15,"1,153",12.8,0,0,0,0,0,0,6,2,0.2,0.2,0.6,0.8,13,37,8,0.00,0.00,0.00,0.00,0.00,0.01,0.04,0.06,0.01,0.06
Pizzi,POR,"MF,FW",Braga,33,1989,29,12,966,10.7,1,3,4,1,0,0,1,0,1.7,1.7,2.2,4.0,14,89,72,0.09,0.28,0.37,0.09,0.37,0.16,0.21,0.37,0.16,0.37
Carlos Ponck,CPV,DF,Moreirense,28,1995,15,11,"1,031",11.5,0,0,0,0,0,0,2,0,0.3,0.3,0.3,0.6,4,27,0,0.00,0.00,0.00,0.00,0.00,0.03,0.02,0.05,0.03,0.05
Cristian Ponde,POR,"MF,FW",Farense,28,1995,14,0,229,2.5,1,1,2,1,0,0,0,0,0.8,0.8,0.3,1.1,4,10,18,0.39,0.39,0.79,0.39,0.79,0.32,0.12,0.44,0.32,0.44
Rafael Pontelo,BRA,DF,Sporting CP,20,2003,1,0,1,0.0,0,0,0,0,0,0,0,0,0.0,0.0,0.0,0.0,0,0,0,0.00,0.00,0.00,0.00,0.00,0.00,0.00,0.00,0.00,0.00
Gianluca Prestianni,ARG,MF,Benfica,17,2006,1,0,4,0.0,0,0,0,0,0,0,0,0,0.1,0.1,0.0,0.1,0,0,1,0.00,0.00,0.00,0.00,0.00,1.21,0.00,1.21,1.21,1.21
Miguel Puche García,ESP,"FW,MF",Arouca,22,2001,23,0,307,3.4,0,0,0,0,0,0,0,0,0.3,0.3,0.6,0.9,13,8,32,0.00,0.00,0.00,0.00,0.00,0.09,0.19,0.28,0.09,0.28
Quaresma,BRA,DF,Arouca,26,1996,6,3,301,3.3,0,1,1,0,0,0,1,0,0.2,0.2,0.6,0.8,9,15,16,0.00,0.30,0.30,0.00,0.30,0.07,0.17,0.23,0.07,0.23
Eduardo Quaresma,POR,DF,Sporting CP,21,2002,20,9,960,10.7,1,0,1,1,0,0,2,0,0.5,0.5,0.6,1.1,8,53,5,0.09,0.00,0.09,0.09,0.09,0.05,0.05,0.10,0.05,0.10
João Queirós,POR,DF,Chaves,25,1998,5,2,235,2.6,0,0,0,0,0,0,0,0,0.2,0.2,0.0,0.2,0,8,1,0.00,0.00,0.00,0.00,0.00,0.09,0.00,0.09,0.09,0.09
Domingos Quina,POR,"FW,MF",Vizela,23,1999,13,10,726,8.1,0,3,3,0,0,0,3,0,0.7,0.7,1.4,2.1,16,34,46,0.00,0.37,0.37,0.00,0.37,0.09,0.17,0.26,0.09,0.26
Cláudio Ramos,POR,GK,Porto,31,1991,2,1,114,1.3,0,0,0,0,0,0,0,0,0.0,0.0,0.1,0.1,0,1,0,0.00,0.00,0.00,0.00,0.00,0.00,0.11,0.11,0.00,0.11
Osama Rashid,IRQ,"MF,FW",Vizela,31,1992,7,0,29,0.3,0,0,0,0,0,0,0,0,0.0,0.0,0.0,0.1,0,3,0,0.00,0.00,0.00,0.00,0.00,0.07,0.14,0.22,0.07,0.22
Miguel Rebelo,POR,MF,Moreirense,19,2003,1,0,3,0.0,0,0,0,0,0,0,0,0,0.0,0.0,0.0,0.0,0,0,0,0.00,0.00,0.00,0.00,0.00,0.00,0.00,0.00,0.00,0.00
João Rêgo,POR,MF,Benfica,18,2005,1,0,6,0.1,0,0,0,0,0,0,0,0,0.2,0.2,0.0,0.2,1,0,1,0.00,0.00,0.00,0.00,0.00,2.62,0.00,2.62,2.62,2.62
João Reis,POR,"DF,MF",Estrela,31,1992,19,16,"1,448",16.1,0,0,0,0,0,0,3,0,0.1,0.1,0.2,0.3,10,66,57,0.00,0.00,0.00,0.00,0.00,0.01,0.01,0.02,0.01,0.02
Matheus Reis,BRA,"DF,MF",Sporting CP,28,1995,27,15,"1,425",15.8,0,4,4,0,0,0,2,0,0.1,0.1,2.0,2.1,54,119,74,0.00,0.25,0.25,0.00,0.25,0.01,0.13,0.13,0.01,0.13
Miguel Reisinho,POR,MF,Boavista,24,1999,31,26,"2,098",23.3,3,2,5,2,1,1,8,0,2.2,1.4,1.3,2.7,16,55,55,0.13,0.09,0.21,0.09,0.17,0.09,0.06,0.15,0.06,0.12
Filipe Relvas,POR,DF,Portimonense,23,1999,32,32,"2,795",31.1,2,3,5,2,0,0,4,1,1.2,1.2,1.4,2.7,10,85,18,0.06,0.10,0.16,0.06,0.16,0.04,0.05,0.09,0.04,0.09
Rúben Tiago Rodrigues Ribeiro,POR,"FW,MF",Chaves,35,1987,23,19,"1,681",18.7,1,1,2,1,0,0,7,1,1.5,1.5,1.7,3.3,33,56,105,0.05,0.05,0.11,0.05,0.11,0.08,0.09,0.18,0.08,0.18
Tomás Ribeiro,POR,DF,Vitória,24,1999,29,28,"2,427",27.0,1,1,2,1,0,0,8,0,1.9,1.9,0.4,2.4,11,102,14,0.04,0.04,0.07,0.04,0.07,0.07,0.02,0.09,0.07,0.09
Riccieli,BRA,DF,Famalicão,24,1998,24,20,"1,776",19.7,1,1,2,1,0,0,7,2,0.8,0.8,0.6,1.4,4,32,1,0.05,0.05,0.10,0.05,0.10,0.04,0.03,0.07,0.04,0.07
Rildo,BRA,"FW,MF",Portimonense,23,2000,11,5,509,5.7,0,1,1,0,0,1,3,0,1.4,0.7,0.7,1.4,6,9,35,0.00,0.18,0.18,0.00,0.18,0.24,0.13,0.37,0.12,0.25
Mihailo Ristić,SRB,DF,Benfica,27,1995,1,0,1,0.0,0,0,0,0,0,0,0,0,0.0,0.0,0.1,0.1,1,2,4,0.00,0.00,0.00,0.00,0.00,0.00,9.64,9.64,0.00,9.64
Pablo Roberto,BRA,"MF,FW",Casa Pia,23,1999,29,20,"1,662",18.5,3,6,9,3,0,0,6,1,1.8,1.8,3.0,4.7,35,99,65,0.16,0.32,0.49,0.16,0.49,0.10,0.16,0.26,0.10,0.26
Matí­as Rocha,URU,DF,Arouca,22,2001,11,8,559,6.2,1,0,1,1,0,0,1,1,0.9,0.9,0.0,0.9,1,15,1,0.16,0.00,0.16,0.16,0.16,0.15,0.00,0.15,0.15,0.15
Afonso Rodrigues,POR,"FW,MF",Famalicão,20,2002,8,1,236,2.6,1,0,1,1,0,0,1,0,0.6,0.6,0.1,0.7,6,3,15,0.38,0.00,0.38,0.38,0.38,0.21,0.04,0.26,0.21,0.26
Bruno Rodrigues,POR,DF,Chaves,22,2001,17,16,"1,352",15.0,0,0,0,0,0,0,4,0,0.6,0.6,0.0,0.6,10,33,2,0.00,0.00,0.00,0.00,0.00,0.04,0.00,0.04,0.04,0.04
Gonçalo Rodrigues,POR,MF,Rio Ave,26,1997,15,15,"1,231",13.7,1,0,1,1,0,0,2,0,1.9,1.9,1.3,3.2,29,71,37,0.07,0.00,0.07,0.07,0.07,0.14,0.09,0.23,0.14,0.23
Benjamín Rollheiser,ARG,FW,Benfica,23,2000,9,1,157,1.7,1,0,1,1,0,0,1,0,0.7,0.7,0.2,0.9,10,12,19,0.57,0.00,0.57,0.57,0.57,0.39,0.11,0.51,0.39,0.51
Ronald,BRA,"MF,FW",Estrela,22,2001,17,16,"1,319",14.7,1,2,3,1,0,0,4,0,2.0,2.0,2.8,4.8,33,33,98,0.07,0.14,0.20,0.07,0.20,0.14,0.19,0.33,0.14,0.33
Igor Rossi Branco,BRA,DF,Farense,34,1989,13,11,"1,014",11.3,0,0,0,0,0,0,4,0,0.3,0.3,0.5,0.7,3,16,1,0.00,0.00,0.00,0.00,0.00,0.02,0.04,0.07,0.02,0.07
Francesco Ruberto,SUI,GK,Vizela,30,1993,7,7,564,6.3,0,0,0,0,0,0,2,0,0.0,0.0,0.0,0.0,0,1,0,0.00,0.00,0.00,0.00,0.00,0.00,0.00,0.00,0.00,0.00
Abel Ruiz,ESP,"FW,MF",Braga,23,2000,30,19,"1,895",21.1,6,2,8,6,0,0,5,0,6.3,6.3,1.5,7.8,24,35,152,0.28,0.09,0.38,0.28,0.38,0.30,0.07,0.37,0.30,0.37
Leonardo Ruíz,COL,FW,Rio Ave,27,1996,14,8,748,8.3,2,0,2,1,1,1,1,0,3.9,3.2,0.1,3.3,5,10,35,0.24,0.00,0.24,0.12,0.12,0.48,0.02,0.49,0.38,0.40
Gustavo sá,POR,MF,Famalicão,18,2004,28,24,"1,840",20.4,3,5,8,3,0,0,6,0,2.3,2.3,3.1,5.4,40,84,77,0.15,0.24,0.39,0.15,0.39,0.11,0.15,0.26,0.11,0.26
Helder Sá,POR,"DF,MF",Rio Ave,20,2002,4,0,42,0.5,0,1,1,0,0,0,0,0,0.0,0.0,0.1,0.1,1,2,1,0.00,2.14,2.14,0.00,2.14,0.00,0.21,0.21,0.00,0.21
Josué Sá,POR,DF,Rio Ave,31,1992,24,23,"1,963",21.8,0,1,1,0,0,0,6,0,0.2,0.2,1.1,1.2,27,83,9,0.00,0.05,0.05,0.00,0.05,0.01,0.05,0.06,0.01,0.06
Pedro Sá,POR,MF,Estrela,29,1993,18,5,650,7.2,0,0,0,0,0,0,1,0,0.1,0.1,0.3,0.4,1,35,7,0.00,0.00,0.00,0.00,0.00,0.01,0.04,0.06,0.01,0.06
Serdar Saatçı,TUR,DF,Braga,20,2003,17,17,"1,494",16.6,0,2,2,0,0,0,6,0,0.7,0.7,0.4,1.1,13,48,3,0.00,0.12,0.12,0.00,0.12,0.04,0.02,0.06,0.04,0.06
Safira,BRA,FW,Vitória,28,1995,8,0,144,1.6,1,0,1,0,1,1,0,0,1.9,1.1,0.7,1.8,4,4,13,0.62,0.00,0.62,0.00,0.00,1.16,0.44,1.61,0.67,1.11
Dylan Saint-Louis,CGO,"FW,MF",Vizela,28,1995,15,0,257,2.9,1,0,1,1,0,0,1,0,0.5,0.5,0.3,0.8,6,15,35,0.35,0.00,0.35,0.35,0.35,0.18,0.10,0.28,0.18,0.28
Samu,POR,MF,Vizela,27,1996,32,32,"2,762",30.7,4,2,6,2,2,3,7,0,6.3,3.9,4.1,8.0,26,215,112,0.13,0.07,0.20,0.07,0.13,0.20,0.13,0.34,0.13,0.26
Leandro Sanca,GNB,"FW,MF",Chaves,23,2000,31,13,"1,470",16.3,0,3,3,0,0,0,3,0,2.3,2.3,2.7,5.0,62,38,117,0.00,0.18,0.18,0.00,0.18,0.14,0.17,0.31,0.14,0.31
Aderlan Santos,BRA,DF,Rio Ave,34,1989,32,32,"2,847",31.6,3,0,3,3,0,0,8,1,1.3,1.3,0.7,2.0,4,71,4,0.09,0.00,0.09,0.09,0.09,0.04,0.02,0.06,0.04,0.06
Hevertton Santos,BRA,"DF,MF",Estrela,22,2001,29,23,"1,972",21.9,0,1,1,0,0,0,3,1,0.9,0.9,3.1,4.0,23,90,80,0.00,0.05,0.05,0.00,0.05,0.04,0.14,0.18,0.04,0.18
Luís Santos,POR,"DF,FW",Boavista,23,2000,19,4,684,7.6,0,1,1,0,0,0,3,0,0.1,0.1,0.9,1.0,14,19,44,0.00,0.13,0.13,0.00,0.13,0.02,0.11,0.13,0.02,0.13
Nuno Santos,POR,"FW,MF",Vitória,24,1999,27,9,959,10.7,2,4,6,2,0,0,5,1,1.8,1.8,2.7,4.6,24,72,75,0.19,0.38,0.56,0.19,0.56,0.17,0.26,0.43,0.17,0.43
Nuno Santos,POR,"MF,DF",Sporting CP,28,1995,31,24,"2,063",22.9,4,10,14,4,0,0,6,0,4.0,4.0,6.8,10.8,68,125,262,0.17,0.44,0.61,0.17,0.61,0.17,0.30,0.47,0.17,0.47
Pedro Santos,POR,MF,Arouca,22,2000,28,16,"1,448",16.1,1,0,1,1,0,0,7,0,0.6,0.6,0.9,1.4,29,124,37,0.06,0.00,0.06,0.06,0.06,0.03,0.05,0.09,0.03,0.09
Zaidu Sanusi,NGA,DF,Porto,26,1997,5,5,285,3.2,1,0,1,1,0,0,0,0,0.2,0.2,0.2,0.4,8,7,17,0.32,0.00,0.32,0.32,0.32,0.07,0.05,0.12,0.07,0.12
Vincent Sasso,FRA,DF,Boavista,32,1991,17,13,"1,274",14.2,2,0,2,2,0,0,3,0,1.9,1.9,0.8,2.7,8,21,7,0.14,0.00,0.14,0.14,0.14,0.13,0.06,0.19,0.13,0.19
Savio,BRA,"DF,MF",Rio Ave,28,1995,7,2,253,2.8,0,1,1,0,0,0,1,0,0.0,0.0,0.9,0.9,4,25,4,0.00,0.36,0.36,0.00,0.36,0.00,0.31,0.31,0.00,0.31
Caio Secco,BRA,GK,Moreirense,32,1990,4,4,360,4.0,0,1,1,0,0,0,0,0,0.0,0.0,0.0,0.0,0,0,0,0.00,0.25,0.25,0.00,0.25,0.00,0.00,0.00,0.00,0.00
Moustapha Seck,SEN,"DF,MF",Portimonense,27,1996,19,10,882,9.8,0,0,0,0,0,0,2,0,0.3,0.3,0.3,0.6,15,19,22,0.00,0.00,0.00,0.00,0.00,0.03,0.03,0.06,0.03,0.06
Telasco Segovia,VEN,MF,Casa Pia,20,2003,16,8,746,8.3,0,1,1,0,0,0,4,0,0.5,0.5,0.4,0.9,6,30,19,0.00,0.12,0.12,0.00,0.12,0.06,0.05,0.11,0.06,0.11
Artur Serobyan,ARM,MF,Casa Pia,20,2003,2,1,65,0.7,0,0,0,0,0,0,1,0,0.0,0.0,0.0,0.0,1,1,3,0.00,0.00,0.00,0.00,0.00,0.00,0.00,0.00,0.00,0.00
André Seruca,POR,MF,Farense,22,2000,6,0,34,0.4,0,0,0,0,0,0,0,0,0.0,0.0,0.0,0.0,0,2,0,0.00,0.00,0.00,0.00,0.00,0.00,0.00,0.00,0.00,0.00
Nkanyiso Shinga,RSA,"DF,MF",Estrela,23,2000,10,6,516,5.7,0,0,0,0,0,0,0,0,0.0,0.0,0.1,0.1,4,17,14,0.00,0.00,0.00,0.00,0.00,0.00,0.02,0.02,0.00,0.02
Adrien Silva,POR,MF,Rio Ave,34,1989,10,3,338,3.8,0,0,0,0,0,1,2,0,0.8,0.1,0.2,0.2,0,27,6,0.00,0.00,0.00,0.00,0.00,0.22,0.04,0.26,0.01,0.06
André Silva,BRA,FW,Vitória,26,1997,22,21,"1,770",19.7,10,2,12,10,0,1,3,0,6.7,5.8,2.3,8.1,15,56,115,0.51,0.10,0.61,0.51,0.61,0.34,0.12,0.46,0.30,0.41
António Silva,POR,DF,Benfica,19,2003,30,29,"2,616",29.1,2,0,2,2,0,0,6,0,2.1,2.1,0.1,2.2,27,134,3,0.07,0.00,0.07,0.07,0.07,0.07,0.00,0.07,0.07,0.07
Francisco Silva,POR,GK,Sporting CP,17,2005,1,0,9,0.1,0,0,0,0,0,0,0,0,0.0,0.0,0.0,0.0,0,0,0,0.00,0.00,0.00,0.00,0.00,0.00,0.00,0.00,0.00,0.00
Gonçalo Silva,POR,DF,Farense,32,1991,33,33,"2,876",32.0,1,0,1,1,0,0,3,1,1.0,1.0,0.0,1.0,4,51,4,0.03,0.00,0.03,0.03,0.03,0.03,0.00,0.03,0.03,0.03
Joel silva,POR,MF,Boavista,20,2003,14,2,371,4.1,1,0,1,1,0,0,1,0,0.4,0.4,0.2,0.6,1,11,9,0.24,0.00,0.24,0.24,0.24,0.10,0.06,0.16,0.10,0.16
Jota Silva,POR,"FW,MF",Vitória,23,1999,33,32,"2,778",30.9,11,5,16,11,0,0,7,0,8.0,8.0,4.1,12.1,84,67,261,0.36,0.16,0.52,0.36,0.52,0.26,0.13,0.39,0.26,0.39
Felipe Silva Lipe,BRA,DF,Gil Vicente FC,21,2002,6,3,271,3.0,0,1,1,0,0,0,0,0,0.2,0.2,0.9,1.1,2,8,0,0.00,0.33,0.33,0.00,0.33,0.07,0.29,0.35,0.07,0.35
Pedro Manuel da Silva Moreira,POR,MF,Arouca,34,1989,5,0,42,0.5,0,0,0,0,0,0,1,0,0.0,0.0,0.0,0.0,0,2,0,0.00,0.00,0.00,0.00,0.00,0.00,0.00,0.00,0.00,0.00
Rafa Silva,POR,"MF,FW",Benfica,30,1993,30,29,"2,479",27.5,14,12,26,14,0,0,3,0,15.2,15.2,10.6,25.8,121,167,268,0.51,0.44,0.94,0.51,0.94,0.55,0.38,0.94,0.55,0.94
Tiago Silva,POR,MF,Vitória,30,1993,29,28,"2,330",25.9,5,5,10,1,4,5,8,0,5.2,1.2,4.7,6.0,26,204,45,0.19,0.19,0.39,0.04,0.23,0.20,0.18,0.38,0.05,0.23
Vinicius Silvestre,BRA,GK,Portimonense,29,1994,14,14,"1,260",14.0,0,0,0,0,0,0,1,0,0.0,0.0,0.0,0.0,0,0,0,0.00,0.00,0.00,0.00,0.00,0.00,0.00,0.00,0.00,0.00
David Simão,POR,MF,Arouca,33,1990,32,31,"2,557",28.4,0,7,7,0,0,0,9,1,0.3,0.3,3.9,4.2,17,218,41,0.00,0.25,0.25,0.00,0.25,0.01,0.14,0.15,0.01,0.15
André Simões,POR,FW,Gil Vicente FC,19,2003,1,0,14,0.2,0,0,0,0,0,0,0,0,0.0,0.0,0.0,0.0,1,1,0,0.00,0.00,0.00,0.00,0.00,0.00,0.00,0.00,0.00,0.00
Alexandre Miguel Barros Soares,POR,MF,Estoril,32,1991,6,2,249,2.8,0,0,0,0,0,0,0,0,0.0,0.0,0.1,0.1,3,5,10,0.00,0.00,0.00,0.00,0.00,0.02,0.03,0.05,0.02,0.05
Filipe Soares,POR,MF,Famalicão,24,1999,8,0,173,1.9,0,1,1,0,0,0,2,0,0.0,0.0,0.4,0.4,3,12,2,0.00,0.52,0.52,0.00,0.52,0.02,0.18,0.20,0.02,0.20
Samuel Soares,POR,GK,Benfica,21,2002,5,5,450,5.0,0,0,0,0,0,0,0,0,0.0,0.0,0.0,0.0,0,0,0,0.00,0.00,0.00,0.00,0.00,0.00,0.00,0.00,0.00,0.00
Yuki Soma,JPN,"FW,MF",Casa Pia,26,1997,32,22,"1,887",21.0,5,3,8,5,0,0,3,0,2.9,2.9,2.8,5.7,59,29,133,0.24,0.14,0.38,0.24,0.38,0.14,0.13,0.27,0.14,0.27
Alberto Soro,ESP,"FW,MF",Vizela,24,1999,21,9,903,10.0,4,1,5,4,0,0,3,0,2.9,2.9,2.3,5.2,15,45,64,0.40,0.10,0.50,0.40,0.50,0.29,0.23,0.51,0.29,0.51
Gonçalo Sousa,POR,FW,Porto,17,2006,1,0,8,0.1,0,0,0,0,0,0,0,0,0.0,0.0,0.0,0.0,2,2,2,0.00,0.00,0.00,0.00,0.00,0.00,0.00,0.00,0.00,0.00
Aloísio Souza Genézio,BRA,MF,Estrela,27,1996,24,19,"1,491",16.6,0,1,1,0,0,0,6,0,0.6,0.6,0.7,1.3,2,75,15,0.00,0.06,0.06,0.00,0.06,0.04,0.04,0.08,0.04,0.08
Hugo Souza,BRA,GK,Chaves,24,1999,26,26,"2,340",26.0,0,0,0,0,0,0,5,0,0.0,0.0,0.1,0.1,0,0,0,0.00,0.00,0.00,0.00,0.00,0.00,0.00,0.00,0.00,0.00
Jose Souza,POR,MF,Portimonense,22,2001,2,0,9,0.1,0,0,0,0,0,0,0,0,0.0,0.0,0.0,0.0,0,1,0,0.00,0.00,0.00,0.00,0.00,0.00,0.00,0.00,0.00,0.00
Diogo Spencer,POR,DF,Benfica,19,2004,1,0,1,0.0,0,0,0,0,0,0,0,0,0.0,0.0,0.0,0.0,0,0,0,0.00,0.00,0.00,0.00,0.00,0.64,0.00,0.64,0.64,0.64
Jerry St. Juste,NED,DF,Sporting CP,26,1996,11,5,543,6.0,0,0,0,0,0,0,4,0,0.1,0.1,0.1,0.2,11,33,4,0.00,0.00,0.00,0.00,0.00,0.02,0.01,0.04,0.02,0.04
Harouna Sy,FRA,FW,Estoril,27,1996,1,0,12,0.1,0,0,0,0,0,0,0,0,0.0,0.0,0.0,0.0,0,0,1,0.00,0.00,0.00,0.00,0.00,0.00,0.00,0.00,0.00,0.00
Habib sylla,CIV,DF,Chaves,24,1999,7,4,401,4.5,0,0,0,0,0,0,2,0,0.0,0.0,0.3,0.3,6,5,16,0.00,0.00,0.00,0.00,0.00,0.00,0.07,0.08,0.00,0.08
Morlaye Sylla,GUI,"MF,FW",Arouca,25,1998,32,32,"2,583",28.7,3,5,8,3,0,1,8,0,4.4,3.6,3.0,6.6,65,145,122,0.10,0.17,0.28,0.10,0.28,0.15,0.10,0.26,0.13,0.23
Talocha,POR,DF,Farense,33,1989,26,23,"2,060",22.9,0,1,1,0,0,0,3,0,0.3,0.3,1.5,1.8,26,82,69,0.00,0.04,0.04,0.00,0.04,0.02,0.07,0.08,0.02,0.08
Tamble,POR,FW,Portimonense,22,2000,5,4,363,4.0,1,0,1,1,0,0,1,0,1.1,1.1,0.1,1.2,1,4,14,0.25,0.00,0.25,0.25,0.25,0.28,0.01,0.30,0.28,0.30
Mateo Tanlongo,ARG,MF,Rio Ave,19,2003,12,7,613,6.8,0,1,1,0,0,0,5,0,0.0,0.0,0.4,0.4,3,13,4,0.00,0.15,0.15,0.00,0.15,0.00,0.06,0.06,0.00,0.06
Mehdi Taremi,IRN,"FW,MF",Porto,31,1992,23,15,"1,478",16.4,6,4,10,4,2,3,3,0,7.9,5.5,2.7,8.3,28,51,101,0.37,0.24,0.61,0.24,0.49,0.48,0.17,0.65,0.34,0.50
Heriberto Tavares,POR,"FW,MF",Estoril,26,1997,32,15,"1,251",13.9,2,0,2,2,0,0,5,0,1.8,1.8,1.1,2.9,38,37,98,0.14,0.00,0.14,0.14,0.14,0.13,0.08,0.21,0.13,0.21
Martim Tavares,POR,"FW,MF",Boavista,19,2003,22,4,540,6.0,1,2,3,1,0,0,1,0,1.4,1.4,0.3,1.7,3,4,21,0.17,0.33,0.50,0.17,0.50,0.23,0.06,0.28,0.23,0.28
Ronaldo Tavares,POR,FW,Estrela,26,1997,24,13,"1,152",12.8,3,0,3,3,0,0,2,0,5.9,5.9,0.7,6.6,27,13,80,0.23,0.00,0.23,0.23,0.23,0.46,0.06,0.52,0.46,0.52
Duplexe Tchamba,CMR,DF,Casa Pia,25,1998,16,14,"1,248",13.9,1,1,2,1,0,0,6,1,1.8,1.8,0.1,2.0,6,27,5,0.07,0.07,0.14,0.07,0.14,0.13,0.01,0.14,0.13,0.14
João Teixeira,POR,"MF,FW",Rio Ave,29,1994,13,9,721,8.0,1,2,3,1,0,0,2,0,0.7,0.7,0.9,1.6,14,35,32,0.12,0.25,0.37,0.12,0.37,0.09,0.11,0.20,0.09,0.20
Casper Tengstedt,DEN,FW,Benfica,23,2000,17,8,663,7.4,4,2,6,4,0,0,2,0,4.7,4.7,1.9,6.6,24,9,53,0.54,0.27,0.81,0.54,0.81,0.64,0.26,0.90,0.64,0.90
Pedro Tiba,POR,MF,Gil Vicente FC,34,1988,25,18,"1,495",16.6,3,2,5,2,1,2,7,0,2.2,0.6,1.7,2.2,23,95,25,0.18,0.12,0.30,0.12,0.24,0.13,0.10,0.23,0.04,0.13
Mirko Topić,SRB,MF,Famalicão,22,2001,32,26,"2,345",26.1,0,2,2,0,0,0,6,0,1.1,1.1,0.8,2.0,37,113,23,0.00,0.08,0.08,0.00,0.08,0.04,0.03,0.08,0.04,0.08
Alfonso Trezza,URU,"FW,MF",Arouca,24,1999,24,8,840,9.3,0,0,0,0,0,0,6,0,1.6,1.6,0.6,2.3,17,29,65,0.00,0.00,0.00,0.00,0.00,0.17,0.07,0.24,0.17,0.24
Francisco Trincão,POR,"FW,MF",Sporting CP,23,1999,31,18,"1,701",18.9,9,6,15,9,0,0,1,0,6.2,6.2,5.0,11.3,58,102,128,0.48,0.32,0.79,0.48,0.79,0.33,0.27,0.60,0.33,0.60
Anatolii Trubin,UKR,GK,Benfica,21,2001,28,28,"2,520",28.0,0,0,0,0,0,0,1,0,0.0,0.0,0.0,0.0,0,0,0,0.00,0.00,0.00,0.00,0.00,0.00,0.00,0.00,0.00,0.00
Ukra,POR,"FW,MF",Rio Ave,35,1988,6,1,82,0.9,0,0,0,0,0,0,1,0,0.0,0.0,0.0,0.0,2,2,6,0.00,0.00,0.00,0.00,0.00,0.00,0.00,0.00,0.00,0.00
Iker Unzueta,ESP,FW,Vizela,24,1998,2,0,26,0.3,0,0,0,0,0,0,0,0,0.0,0.0,0.0,0.0,0,2,5,0.00,0.00,0.00,0.00,0.00,0.08,0.00,0.08,0.08,0.08
João Valido,POR,GK,Arouca,23,2000,1,1,90,1.0,0,0,0,0,0,0,0,0,0.0,0.0,0.0,0.0,0,0,0,0.00,0.00,0.00,0.00,0.00,0.00,0.00,0.00,0.00,0.00
Alan Varela,ARG,MF,Porto,22,2001,30,28,"2,225",24.7,2,3,5,2,0,0,8,0,1.7,1.7,2.4,4.2,30,179,22,0.08,0.12,0.20,0.08,0.20,0.07,0.10,0.17,0.07,0.17
Bruno Varela,CPV,GK,Vitória,28,1994,27,27,"2,385",26.5,0,0,0,0,0,0,2,0,0.0,0.0,0.0,0.0,0,0,0,0.00,0.00,0.00,0.00,0.00,0.00,0.00,0.00,0.00,0.00
Fernando Varela,CPV,DF,Casa Pia,35,1987,24,23,"2,069",23.0,0,1,1,0,0,0,2,0,0.1,0.1,0.3,0.4,2,35,4,0.00,0.04,0.04,0.00,0.04,0.00,0.02,0.02,0.00,0.02
Gustavo Varela,POR,FW,Benfica,18,2005,1,0,16,0.2,0,0,0,0,0,0,0,0,0.0,0.0,0.0,0.0,0,0,1,0.00,0.00,0.00,0.00,0.00,0.00,0.00,0.00,0.00,0.00
Hélio Varela,CPV,"FW,MF",Portimonense,21,2002,33,31,"2,743",30.5,6,3,9,6,0,0,7,0,4.9,4.9,3.5,8.4,134,71,239,0.20,0.10,0.30,0.20,0.30,0.16,0.12,0.28,0.16,0.28
Nilton Varela,POR,"DF,MF",Estrela,22,2001,12,6,554,6.2,0,0,0,0,0,0,2,0,0.1,0.1,0.1,0.3,5,14,26,0.00,0.00,0.00,0.00,0.00,0.02,0.02,0.04,0.02,0.04
Jhon Velásquez,COL,"FW,MF",Farense,28,1995,2,0,25,0.3,0,0,0,0,0,0,0,0,0.0,0.0,0.0,0.0,0,1,3,0.00,0.00,0.00,0.00,0.00,0.00,0.00,0.00,0.00,0.00
Ricardo Velho,POR,GK,Farense,24,1998,32,32,"2,880",32.0,0,0,0,0,0,0,2,0,0.0,0.0,0.1,0.1,0,0,0,0.00,0.00,0.00,0.00,0.00,0.00,0.00,0.00,0.00,0.00
Bruno Ventura,POR,"FW,MF",Rio Ave,22,2001,13,5,520,5.8,0,0,0,0,0,0,1,0,0.9,0.9,2.1,3.0,6,12,36,0.00,0.00,0.00,0.00,0.00,0.16,0.36,0.52,0.16,0.52
João Victor,BRA,DF,Benfica,25,1998,2,0,29,0.3,0,0,0,0,0,0,0,0,0.0,0.0,0.0,0.0,0,1,6,0.00,0.00,0.00,0.00,0.00,0.00,0.00,0.00,0.00,0.00
Paulo Victor,BRA,"FW,MF",Chaves,22,2001,22,7,822,9.1,1,1,2,1,0,0,8,0,1.5,1.5,0.8,2.3,19,16,52,0.11,0.11,0.22,0.11,0.22,0.16,0.09,0.25,0.16,0.25
Kiko Vilas Boas,POR,DF,Gil Vicente FC,23,1999,10,7,564,6.3,0,0,0,0,0,0,1,0,0.0,0.0,0.6,0.6,11,8,23,0.00,0.00,0.00,0.00,0.00,0.00,0.10,0.10,0.00,0.10
Mikel Villanueva,VEN,DF,Vitória,30,1993,6,5,457,5.1,0,0,0,0,0,0,1,0,0.3,0.3,0.0,0.3,6,23,0,0.00,0.00,0.00,0.00,0.00,0.05,0.00,0.05,0.05,0.05
Marcos Vinicios Sorriso,BRA,"FW,MF",Famalicão,22,2001,15,9,853,9.5,1,2,3,1,0,0,1,0,1.8,1.8,1.0,2.7,23,25,51,0.11,0.21,0.32,0.11,0.32,0.19,0.10,0.29,0.19,0.29
Bernardo Vital,POR,DF,Estoril,22,2000,29,29,"2,549",28.3,1,0,1,1,0,0,5,1,0.5,0.5,0.2,0.7,13,82,4,0.04,0.00,0.04,0.04,0.04,0.02,0.01,0.03,0.02,0.03
Vitinho,BRA,"FW,MF",Arouca,23,2000,7,1,98,1.1,0,0,0,0,0,0,0,0,0.2,0.2,0.1,0.2,3,8,13,0.00,0.00,0.00,0.00,0.00,0.14,0.09,0.23,0.14,0.23
Steven Vitória,CAN,DF,Chaves,36,1987,20,15,"1,347",15.0,1,0,1,1,0,0,5,1,1.7,1.4,0.3,1.7,0,19,1,0.07,0.00,0.07,0.07,0.07,0.12,0.02,0.14,0.09,0.11
Odisseas Vlachodimos,GRE,GK,Benfica,29,1994,1,1,90,1.0,0,0,0,0,0,0,0,0,0.0,0.0,0.0,0.0,0,0,0,0.00,0.00,0.00,0.00,0.00,0.00,0.00,0.00,0.00,0.00
Marious Vrousai,GRE,"MF,DF",Rio Ave,25,1998,14,6,663,7.4,1,0,1,1,0,0,0,0,0.7,0.7,0.5,1.2,9,18,33,0.14,0.00,0.14,0.14,0.14,0.10,0.07,0.17,0.10,0.17
Ilija Vukotić,MNE,MF,Boavista,24,1999,28,10,"1,002",11.1,1,0,1,1,0,0,5,0,0.2,0.2,0.9,1.1,8,47,12,0.09,0.00,0.09,0.09,0.09,0.02,0.08,0.10,0.02,0.10
Masaki Watai,JPN,"FW,MF",Boavista,24,1999,13,3,429,4.8,0,0,0,0,0,0,0,0,0.1,0.1,0.0,0.1,5,25,33,0.00,0.00,0.00,0.00,0.00,0.01,0.01,0.02,0.01,0.02
Wendell,BRA,DF,Porto,30,1993,25,23,"2,100",23.3,4,2,6,4,0,0,11,1,1.5,1.5,2.1,3.7,72,158,166,0.17,0.09,0.26,0.17,0.26,0.07,0.09,0.16,0.07,0.16
Weverson,BRA,DF,Arouca,23,2000,26,24,"2,000",22.2,1,1,2,1,0,0,4,0,0.5,0.5,2.0,2.5,27,67,105,0.05,0.05,0.09,0.05,0.09,0.02,0.09,0.11,0.02,0.11
Bruno Wilson,POR,DF,Vizela,26,1996,16,16,"1,405",15.6,0,0,0,0,0,0,1,1,1.3,1.3,0.0,1.3,5,55,8,0.00,0.00,0.00,0.00,0.00,0.08,0.00,0.08,0.08,0.08
Roan Wilson,CRC,"MF,DF",Gil Vicente FC,21,2002,9,1,122,1.4,1,0,1,1,0,0,0,0,1.1,1.1,0.0,1.1,0,3,0,0.74,0.00,0.74,0.74,0.74,0.82,0.00,0.82,0.82,0.82
Frederik Winther,DEN,DF,Estoril,22,2001,2,1,116,1.3,0,0,0,0,0,0,0,0,0.0,0.0,0.0,0.0,1,6,0,0.00,0.00,0.00,0.00,0.00,0.00,0.00,0.00,0.00,0.00
Abdul-Aziz Yakubu,GHA,FW,Rio Ave,24,1998,16,13,"1,119",12.4,6,2,8,2,4,4,0,0,4.2,1.0,0.9,2.0,9,18,58,0.48,0.16,0.64,0.16,0.32,0.34,0.08,0.41,0.08,0.16
Moses Yaw,GHA,"DF,MF",Arouca,24,1999,3,0,71,0.8,0,0,0,0,0,0,0,0,0.0,0.0,0.0,0.0,3,2,0,0.00,0.00,0.00,0.00,0.00,0.00,0.00,0.00,0.00,0.00
Zaydou Youssouf,FRA,MF,Famalicão,24,1999,32,32,"2,765",30.7,2,1,3,2,0,1,10,1,1.9,1.1,2.5,3.5,36,146,15,0.07,0.03,0.10,0.07,0.10,0.06,0.08,0.14,0.04,0.12
Rodrigo Zalazar,URU,MF,Braga,23,1999,32,21,"1,816",20.2,6,6,12,6,0,0,4,0,4.2,4.2,6.4,10.6,63,158,81,0.30,0.30,0.59,0.30,0.59,0.21,0.32,0.52,0.21,0.52
Vinícius Zanocelo,BRA,MF,Estoril,22,2001,15,12,"1,120",12.4,1,0,1,1,0,0,3,0,0.4,0.4,0.5,0.9,5,43,8,0.08,0.00,0.08,0.08,0.08,0.03,0.04,0.07,0.03,0.07
Zinho,BRA,"FW,MF",Portimonense,20,2003,12,0,145,1.6,0,0,0,0,0,0,1,0,0.0,0.0,0.4,0.4,8,4,13,0.00,0.00,0.00,0.00,0.00,0.02,0.24,0.25,0.02,0.25
Ivan Zlobin,RUS,GK,Famalicão,26,1997,1,1,90,1.0,0,0,0,0,0,0,1,0,0.0,0.0,0.0,0.0,0,0,0,0.00,0.00,0.00,0.00,0.00,0.00,0.00,0.00,0.00,0.00
Nermin Zolotić,BIH,DF,Casa Pia,30,1993,31,30,"2,671",29.7,1,0,1,1,0,0,3,0,0.7,0.7,0.3,1.0,19,81,5,0.03,0.00,0.03,0.03,0.03,0.02,0.01,0.03,0.02,0.03
