Player,Pos,Squad,Age,Born,90s,PassCompleted,PassAtt,PassCompleted%,TotDist,PrgDist,ShortCmp,ShortAtt,ShortCmp%,MediumCmp,MediumAtt,MediumCmp%,LongCmp,LongAtt,LongCmp%,Ast,xAG,xA,A-xAG,KeyPasses,FinalThird,PassesPenArea,CrossPenArea,ProgPasses
Che Adams,FW,Scotland,27,1996,2.3,27,31,87.1,386,44,15,17,88.2,8,8,100.0,1,3,33.3,0,0.1,0.2,-0.1,2,2,0,0,2
Michel Aebischer,DF,Switzerland,27,1997,5.3,221,252,87.7,3316,1014,131,140,93.6,75,88,85.2,10,16,62.5,2,1.2,1.0,+0.8,6,17,7,0,28
Arlind Ajeti,DF,Albania,30,1993,3.0,93,112,83.0,1654,533,35,37,94.6,48,53,90.6,8,17,47.1,0,0.0,0.0,0.0,0,4,0,0,5
Manuel Akanji,DF,Switzerland,28,1995,5.3,304,331,91.8,5658,2036,113,119,95.0,158,168,94.0,31,39,79.5,0,0.0,0.1,0.0,1,21,0,0,25
Samet Akaydın,DF,Türkiye,29,1994,3.7,185,206,89.8,3262,1350,79,80,98.8,91,103,88.3,13,21,61.9,0,0.0,0.1,0.0,0,18,0,0,15
Nathan Aké,DF,Netherlands,28,1995,5.2,239,274,87.2,3493,1239,138,145,95.2,89,103,86.4,8,14,57.1,1,0.4,0.4,+0.6,5,23,1,0,21
Yunus Akgün,FW,Türkiye,23,2000,0.8,14,17,82.4,239,92,5,5,100.0,9,9,100.0,0,2,0.0,0,0.1,0.1,-0.1,2,1,1,0,3
Kerem Aktürkoğlu,"FW,MF",Türkiye,25,1998,1.2,22,38,57.9,352,78,11,12,91.7,10,18,55.6,1,5,20.0,0,0.1,0.0,-0.1,3,3,0,0,3
Trent Alexander-Arnold,"MF,DF",England,25,1998,1.5,84,101,83.2,1618,556,42,46,91.3,22,25,88.0,16,23,69.6,0,0.1,0.2,-0.1,3,8,2,0,12
Denis Alibec,FW,Romania,33,1991,0.3,4,4,100.0,41,3,1,1,100.0,1,1,100.0,0,0,,0,0.0,0.0,0.0,0,0,0,0,0
Barış Alper Yılmaz,FW,Türkiye,23,2000,5.0,80,105,76.2,1096,289,48,57,84.2,22,33,66.7,3,7,42.9,0,0.8,0.9,-0.8,5,5,2,0,15
Sandro Altunashvili,MF,Georgia,26,1997,0.6,13,16,81.3,139,25,11,11,100.0,1,2,50.0,0,2,0.0,0,0.0,0.0,0.0,0,1,0,0,1
Zeki Amdouni,"MF,FW",Switzerland,23,2000,0.6,9,14,64.3,116,11,4,5,80.0,2,5,40.0,1,1,100.0,0,0.0,0.0,0.0,0,3,0,0,1
Joachim Andersen,DF,Denmark,27,1996,4.0,249,298,83.6,4231,1453,124,130,95.4,98,113,86.7,24,44,54.5,0,0.2,0.4,-0.2,2,23,2,1,24
Robert Andrich,MF,Germany,29,1994,3.5,208,232,89.7,3008,901,114,120,95.0,77,85,90.6,10,16,62.5,0,0.1,0.3,-0.1,3,26,3,0,21
Waldemar Anton,DF,Germany,27,1996,0.4,20,24,83.3,303,151,12,13,92.3,7,8,87.5,1,3,33.3,0,0.1,0.0,-0.1,1,1,0,0,2
Stuart Armstrong,MF,Scotland,31,1992,0.2,7,10,70.0,182,73,1,2,50.0,3,4,75.0,3,3,100.0,0,0.0,0.1,0.0,0,1,0,0,1
Marko Arnautović,FW,Austria,34,1989,3.1,39,54,72.2,498,93,27,29,93.1,5,12,41.7,3,4,75.0,0,0.0,0.1,0.0,0,0,0,0,3
Jasir Asani,FW,Albania,28,1995,2.3,31,38,81.6,478,176,14,16,87.5,15,16,93.8,1,4,25.0,1,0.4,0.3,+0.6,3,3,3,2,4
Kristjan Asllani,MF,Albania,21,2002,3.0,155,189,82.0,3066,822,61,65,93.8,70,74,94.6,21,42,50.0,0,0.6,0.3,-0.6,8,10,3,1,10
Kaan Ayhan,"MF,DF",Türkiye,29,1994,4.0,156,179,87.2,2944,826,64,65,98.5,72,85,84.7,18,23,78.3,1,0.3,0.1,+0.7,5,15,2,0,16
Alex Baena,"MF,FW",Spain,22,2001,0.3,11,12,91.7,143,64,6,7,85.7,4,4,100.0,0,0,,0,0.1,0.0,-0.1,1,0,2,0,2
Alexander Bah,"DF,MF",Denmark,26,1997,3.1,127,164,77.4,2004,730,71,80,88.8,44,59,74.6,9,16,56.3,0,0.1,0.2,-0.1,2,9,4,1,20
Nedim Bajrami,"FW,MF",Albania,24,1999,2.7,61,80,76.3,942,116,32,37,86.5,26,31,83.9,2,8,25.0,0,0.0,0.1,0.0,0,4,1,0,5
Johan Bakayoko,"FW,DF",Belgium,20,2003,0.5,18,21,85.7,265,65,12,14,85.7,3,4,75.0,2,2,100.0,0,0.1,0.1,-0.1,2,0,1,0,1
Jure Balkovec,DF,Slovenia,29,1994,1.3,24,37,64.9,418,190,12,12,100.0,10,15,66.7,2,10,20.0,0,0.0,0.0,0.0,1,2,0,0,5
Iván Balliu,DF,Albania,32,1992,1.0,33,43,76.7,480,190,17,20,85.0,15,18,83.3,0,2,0.0,0,0.0,0.0,0.0,0,2,0,0,2
Nicușor Bancu,DF,Romania,31,1992,3.0,103,139,74.1,1534,687,54,62,87.1,44,57,77.2,2,9,22.2,0,0.1,0.1,-0.1,2,4,2,0,12
Antonín Barák,MF,Czechia,29,1994,0.5,20,24,83.3,269,36,13,13,100.0,7,8,87.5,0,1,0.0,0,0.0,0.2,0.0,1,0,1,0,2
Bradley Barcola,"FW,MF",France,21,2002,1.1,27,32,84.4,399,152,18,22,81.8,7,7,100.0,1,1,100.0,0,0.5,0.1,-0.5,5,4,2,1,7
Abdülkerim Bardakcı,DF,Türkiye,29,1994,4.0,182,211,86.3,3077,1299,92,97,94.8,78,85,91.8,9,24,37.5,0,0.3,0.2,-0.3,2,14,3,1,13
Nicolò Barella,MF,Italy,26,1997,3.7,239,261,91.6,3795,785,132,141,93.6,88,92,95.7,17,22,77.3,0,0.3,0.7,-0.3,4,25,6,0,21
Alessandro Bastoni,DF,Italy,24,1999,4.0,306,333,91.9,5340,1760,143,145,98.6,129,137,94.2,29,42,69.0,0,0.0,0.1,0.0,1,30,1,0,21
Martin Baturina,FW,Croatia,20,2003,0.1,2,4,50.0,24,4,2,3,66.7,0,0,,0,1,0.0,0,0.0,0.0,0.0,0,0,0,0,0
Christoph Baumgartner,"MF,FW",Austria,24,1999,3.2,72,105,68.6,1007,291,48,55,87.3,15,30,50.0,5,7,71.4,1,0.6,0.4,+0.4,6,6,5,0,9
Altay Bayındır,GK,Türkiye,25,1998,1.0,29,35,82.9,684,458,6,6,100.0,14,15,93.3,9,14,64.3,0,0.0,0.0,0.0,0,0,0,0,0
Jan Bednarek,DF,Poland,27,1996,3.0,89,101,88.1,1417,609,45,48,93.8,38,40,95.0,5,10,50.0,0,0.0,0.0,0.0,0,1,1,0,2
Maximilian Beier,FW,Germany,21,2002,0.3,3,7,42.9,14,0,1,2,50.0,0,1,0.0,0,0,,0,0.0,0.0,0.0,0,0,0,0,0
Jude Bellingham,"MF,FW",England,20,2003,7.4,311,363,85.7,4780,997,179,194,92.3,106,124,85.5,20,24,83.3,1,0.4,1.1,+0.6,6,28,5,0,36
László Bénes,MF,Slovakia,26,1997,0.8,41,52,78.8,574,74,28,29,96.6,9,13,69.2,1,5,20.0,0,0.7,0.6,-0.7,4,1,0,0,0
Bartosz Bereszyński,DF,Poland,31,1992,0.1,1,2,50.0,6,0,1,1,100.0,0,0,,0,0,,0,0.0,0.0,0.0,0,0,0,0,0
Steven Bergwijn,FW,Netherlands,26,1997,1.0,40,49,81.6,522,88,22,25,88.0,16,19,84.2,0,1,0.0,0,0.0,0.1,0.0,0,3,1,0,7
Medon Berisha,MF,Albania,20,2003,0.2,7,10,70.0,96,50,6,8,75.0,1,1,100.0,0,0,,0,0.0,0.0,0.0,0,1,0,0,1
Victor Bernth Kristiansen,"DF,MF",Denmark,21,2002,1.7,72,92,78.3,979,252,46,51,90.2,21,28,75.0,3,8,37.5,1,0.3,0.6,+0.7,2,3,0,0,1
Matúš Bero,"MF,DF",Slovakia,28,1995,0.5,17,24,70.8,216,56,9,12,75.0,5,6,83.3,1,3,33.3,0,0.0,0.0,0.0,0,0,0,0,3
Jaka Bijol,DF,Slovenia,24,1999,4.3,107,130,82.3,2394,910,27,29,93.1,58,63,92.1,21,36,58.3,0,0.0,0.3,0.0,1,4,1,0,3
Veljko Birmančević,DF,Serbia,25,1998,0.3,10,16,62.5,174,98,4,5,80.0,3,5,60.0,2,4,50.0,0,0.0,0.0,0.0,0,2,1,0,3
Daley Blind,FW,Netherlands,33,1990,0.0,0,0,,0,0,0,0,,0,0,,0,0,,0,0.0,0.0,0.0,0,0,0,0,0
Bendegúz Bolla,DF,Hungary,24,1999,2.3,45,63,71.4,804,233,15,18,83.3,28,37,75.7,1,6,16.7,0,0.2,0.2,-0.2,2,1,2,1,3
Endre Botka,DF,Hungary,29,1994,1.0,37,45,82.2,637,205,17,18,94.4,15,20,75.0,4,4,100.0,0,0.0,0.0,0.0,0,1,0,0,3
Jarrod Bowen,FW,England,27,1996,0.4,10,14,71.4,138,41,6,7,85.7,4,6,66.7,0,1,0.0,0,0.2,0.4,-0.2,1,0,1,1,0
Róbert Boženík,FW,Slovakia,24,1999,2.3,25,38,65.8,317,24,19,22,86.4,4,9,44.4,1,2,50.0,0,0.0,0.0,0.0,1,0,0,0,1
Volodymyr Brazhko,MF,Ukraine,22,2002,2.0,71,81,87.7,1192,285,27,29,93.1,42,45,93.3,2,6,33.3,0,0.0,0.0,0.0,1,2,0,0,3
David Brekalo,MF,Slovenia,25,1998,0.0,1,1,100.0,22,11,0,0,,1,1,100.0,0,0,,0,0.0,0.0,0.0,0,0,0,0,0
Brian Brobbey,FW,Netherlands,21,2002,0.0,0,0,,0,0,0,0,,0,0,,0,0,,0,0.0,0.0,0.0,0,0,0,0,0
Armando Broja,FW,Albania,22,2001,1.2,9,15,60.0,107,19,6,9,66.7,3,3,100.0,0,0,,0,0.1,0.0,-0.1,2,1,1,0,1
Marcelo Brozović,MF,Croatia,31,1992,2.5,170,188,90.4,3008,654,70,75,93.3,89,99,89.9,10,11,90.9,0,0.1,0.1,-0.1,2,22,2,2,13
Jacob Bruun Larsen,FW,Denmark,25,1998,0.1,3,6,50.0,83,11,0,0,,2,4,50.0,1,1,100.0,0,0.0,0.0,0.0,0,0,1,0,1
Ante Budimir,FW,Croatia,32,1991,1.4,8,16,50.0,93,26,6,11,54.5,2,4,50.0,0,0,,1,1.2,0.6,-0.2,3,0,2,0,2
Adam Buksa,FW,Poland,27,1996,1.7,11,13,84.6,174,25,8,9,88.9,2,3,66.7,1,1,100.0,0,0.2,0.0,-0.2,2,0,0,0,1
Andrei Burcă,DF,Romania,30,1993,4.0,113,141,80.1,2416,882,36,41,87.8,58,67,86.6,18,31,58.1,0,0.0,0.0,0.0,0,6,0,0,6
Riccardo Calafiori,DF,Italy,21,2002,3.0,215,232,92.7,3358,1068,103,109,94.5,93,99,93.9,12,15,80.0,1,0.2,0.3,+0.8,4,12,2,1,11
Hakan Çalhanoğlu,MF,Türkiye,29,1994,3.9,232,261,88.9,4021,918,108,112,96.4,93,101,92.1,24,40,60.0,0,0.2,0.4,-0.2,3,20,1,0,18
Eduardo Camavinga,MF,France,21,2002,1.9,74,86,86.0,1219,391,30,33,90.9,39,41,95.1,3,7,42.9,0,0.1,0.2,-0.1,2,15,2,0,12
Andrea Cambiaso,"FW,DF",Italy,23,2000,0.8,38,48,79.2,556,91,24,25,96.0,13,17,76.5,1,3,33.3,0,0.0,0.1,0.0,0,0,1,1,1
Emre Can,MF,Germany,30,1994,1.1,65,70,92.9,1086,221,33,35,94.3,23,24,95.8,8,8,100.0,0,0.0,0.1,0.0,1,4,0,0,4
João Cancelo,"DF,MF",Portugal,29,1994,3.8,224,259,86.5,3679,899,118,126,93.7,91,101,90.1,14,25,56.0,0,0.4,0.9,-0.4,4,19,9,1,36
Yannick Carrasco,"DF,FW",Belgium,30,1993,2.4,84,98,85.7,1295,390,47,49,95.9,35,43,81.4,1,5,20.0,0,0.0,0.4,0.0,0,3,2,0,10
Dani Carvajal,DF,Spain,32,1992,5.2,291,325,89.5,4613,1155,161,168,95.8,109,121,90.1,17,25,68.0,0,0.5,0.3,-0.5,5,21,2,1,23
Timothy Castagne,DF,Belgium,28,1995,4.0,187,221,84.6,2965,940,111,117,94.9,60,76,78.9,15,22,68.2,0,0.0,0.1,0.0,0,10,1,0,11
Koen Casteels,GK,Belgium,31,1992,4.0,119,143,83.2,2621,1453,32,32,100.0,69,69,100.0,18,41,43.9,0,0.0,0.0,0.0,0,1,1,0,0
Žan Celar,"FW,MF",Slovenia,24,1999,0.7,15,18,83.3,163,20,10,11,90.9,3,4,75.0,0,0,,0,0.0,0.0,0.0,0,0,0,0,1
Zeki Çelik,"DF,MF",Türkiye,26,1997,1.2,44,55,80.0,633,255,27,28,96.4,15,20,75.0,2,2,100.0,0,0.5,0.3,-0.5,3,3,3,2,3
Václav Černý,MF,Czechia,26,1997,0.6,26,33,78.8,313,125,20,23,87.0,2,2,100.0,2,6,33.3,0,0.1,0.8,-0.1,1,4,2,1,1
Giorgi Chakvetadze,"MF,FW",Georgia,24,1999,2.7,79,93,84.9,992,305,55,59,93.2,15,18,83.3,4,8,50.0,0,0.3,0.1,-0.3,4,6,2,0,11
Federico Chiesa,"FW,MF",Italy,26,1997,2.9,69,104,66.3,958,168,47,52,90.4,14,26,53.8,5,11,45.5,0,0.3,0.6,-0.3,2,1,7,3,5
Tomáš Chorý,MF,Czechia,29,1995,0.4,2,6,33.3,27,2,1,4,25.0,1,1,100.0,0,0,,0,0.0,0.1,0.0,0,0,0,0,0
Andreas Christensen,DF,Denmark,27,1996,3.9,218,231,94.4,3357,1163,116,121,95.9,86,89,96.6,10,14,71.4,0,0.0,0.0,0.0,0,9,1,0,9
Ryan Christie,"MF,FW",Scotland,28,1995,1.1,15,20,75.0,211,64,9,10,90.0,3,4,75.0,1,1,100.0,0,0.0,0.1,0.0,0,0,1,1,0
Mojmir Chytil,FW,Czechia,24,1999,1.2,6,15,40.0,68,1,4,5,80.0,1,3,33.3,0,3,0.0,0,0.1,0.2,-0.1,1,0,0,0,1
Alexandru Cicâldău,MF,Romania,26,1997,0.2,2,5,40.0,39,0,1,1,100.0,0,1,0.0,1,3,33.3,0,0.0,0.0,0.0,0,0,0,0,0
Florinel Coman,MF,Romania,25,1998,1.3,20,28,71.4,197,46,15,18,83.3,3,4,75.0,0,1,0.0,0,0.1,0.0,-0.1,2,0,0,0,1
Kingsley Coman,MF,France,27,1996,0.2,9,10,90.0,130,9,6,6,100.0,3,3,100.0,0,1,0.0,0,0.0,0.0,0.0,0,0,1,0,1
Francisco Conceição,"FW,MF",Portugal,21,2002,2.0,101,129,78.3,1498,221,64,69,92.8,36,47,76.6,1,5,20.0,0,1.6,1.2,-1.6,6,1,5,2,9
Diogo Costa,GK,Portugal,24,1999,5.7,140,155,90.3,3306,2105,15,15,100.0,100,100,100.0,25,40,62.5,0,0.0,0.0,0.0,0,1,0,0,0
Vladimír Coufal,"DF,FW",Czechia,31,1992,3.0,103,149,69.1,1765,840,58,62,93.5,28,42,66.7,16,38,42.1,1,0.6,0.6,+0.4,8,12,3,3,11
Bryan Cristante,MF,Italy,28,1995,1.5,101,114,88.6,1553,373,50,53,94.3,43,49,87.8,3,5,60.0,0,0.2,0.4,-0.2,2,8,1,0,5
Kevin Csoboth,DF,Hungary,23,2000,0.1,6,8,75.0,102,37,3,3,100.0,2,3,66.7,1,2,50.0,0,0.0,0.0,0.0,0,2,0,0,2
Marc Cucurella,DF,Spain,25,1998,6.1,330,367,89.9,4724,1295,193,203,95.1,117,129,90.7,10,16,62.5,1,1.1,0.6,-0.1,7,18,3,1,29
Mirlind Daku,FW,Albania,26,1998,0.1,4,5,80.0,62,22,3,3,100.0,0,0,,1,1,100.0,0,0.1,0.0,-0.1,2,1,0,0,1
Diogo Dalot,"DF,MF",Portugal,24,1999,1.7,91,100,91.0,1349,290,56,58,96.6,32,36,88.9,3,3,100.0,0,0.0,0.1,0.0,2,16,0,0,11
Mikkel Damsgaard,FW,Denmark,23,2000,0.4,10,14,71.4,133,31,5,7,71.4,4,4,100.0,0,1,0.0,0,0.0,0.1,0.0,0,0,1,1,0
Kevin Danso,DF,Austria,25,1998,2.4,147,169,87.0,2882,921,47,54,87.0,83,87,95.4,16,25,64.0,0,0.0,0.1,0.0,0,19,0,0,22
Márton Dárdai,DF,Hungary,21,2002,1.9,66,95,69.5,1417,733,18,21,85.7,37,46,80.4,10,25,40.0,0,0.0,0.1,0.0,0,4,2,0,5
Matteo Darmian,DF,Italy,34,1989,1.8,97,107,90.7,1513,403,50,53,94.3,39,43,90.7,5,5,100.0,0,0.0,0.0,0.0,0,2,1,0,6
Zuriko Davitashvili,"FW,MF",Georgia,22,2001,1.3,33,37,89.2,447,64,12,14,85.7,13,14,92.9,1,2,50.0,0,0.0,0.0,0.0,0,0,0,0,3
Paweł Dawidowicz,DF,Poland,28,1995,2.0,74,79,93.7,1240,443,29,29,100.0,43,45,95.6,0,2,0.0,0,0.0,0.0,0.0,0,2,0,0,0
Kevin De Bruyne,MF,Belgium,32,1991,4.0,164,227,72.2,2849,940,75,96,78.1,62,76,81.6,18,34,52.9,0,1.6,0.9,-1.6,12,21,6,0,28
Charles De Ketelaere,FW,Belgium,22,2001,0.0,0,0,,0,0,0,0,,0,0,,0,0,,0,0.0,0.0,0.0,0,0,0,0,0
Zeno Debast,DF,Belgium,20,2003,1.2,97,109,89.0,1903,719,27,30,90.0,59,61,96.7,10,14,71.4,0,0.1,0.1,-0.1,1,7,0,0,3
Thomas Delaney,MF,Denmark,32,1991,0.9,22,35,62.9,299,116,16,20,80.0,5,9,55.6,1,4,25.0,0,0.2,0.2,-0.2,1,2,1,0,4
Ousmane Dembélé,"FW,MF",France,26,1997,4.0,119,176,67.6,2066,465,69,83,83.1,33,49,67.3,16,32,50.0,0,1.2,0.9,-1.2,14,6,8,2,14
Merih Demiral,DF,Türkiye,25,1998,2.3,82,94,87.2,1446,423,33,34,97.1,44,47,93.6,4,11,36.4,0,0.0,0.0,0.0,1,4,1,0,4
Giovanni Di Lorenzo,"DF,FW",Italy,30,1993,4.0,285,323,88.2,4136,1190,162,170,95.3,108,123,87.8,7,18,38.9,0,0.0,0.2,0.0,0,20,1,0,23
Rúben Dias,DF,Portugal,26,1997,4.7,382,411,92.9,6567,2032,177,181,97.8,186,202,92.1,17,24,70.8,0,0.1,0.2,-0.1,1,28,1,1,22
Federico Dimarco,"DF,FW",Italy,26,1997,2.5,99,125,79.2,1437,396,52,56,92.9,38,46,82.6,4,9,44.4,0,0.3,0.3,-0.3,3,3,2,2,5
Berat Djimsiti,DF,Albania,30,1993,3.0,127,144,88.2,2147,696,64,67,95.5,56,62,90.3,6,10,60.0,0,0.0,0.0,0.0,1,3,0,0,6
Jeremy Doku,"FW,MF",Belgium,21,2002,3.6,89,113,78.8,1212,292,61,68,89.7,25,34,73.5,2,5,40.0,0,0.6,1.2,-0.6,8,3,4,0,10
Kasper Dolberg,FW,Denmark,26,1997,0.4,7,10,70.0,122,11,5,8,62.5,0,0,,1,1,100.0,0,0.0,0.0,0.0,0,0,0,0,0
Gianluigi Donnarumma,GK,Italy,24,1999,4.0,87,102,85.3,1944,1212,23,23,100.0,44,44,100.0,19,34,55.9,0,0.0,0.0,0.0,0,1,0,0,0
David Doudera,FW,Czechia,25,1998,1.0,18,24,75.0,268,126,10,10,100.0,7,9,77.8,0,4,0.0,0,0.0,0.0,0.0,0,2,0,0,2
Artem Dovbyk,FW,Ukraine,26,1997,2.7,27,34,79.4,345,32,20,23,87.0,6,7,85.7,1,1,100.0,0,0.6,0.3,-0.6,6,0,2,0,2
Denis Drăguș,FW,Romania,24,1999,3.2,35,54,64.8,428,57,21,33,63.6,9,13,69.2,1,1,100.0,0,0.1,0.0,-0.1,2,0,2,1,3
Radu Drăgușin,DF,Romania,21,2002,4.0,90,106,84.9,1718,407,33,35,94.3,44,49,89.8,13,22,59.1,0,0.0,0.0,0.0,0,2,0,0,3
Vanja Drkušič,DF,Slovenia,24,1999,4.3,84,109,77.1,1790,677,20,24,83.3,50,59,84.7,13,24,54.2,0,0.1,0.1,-0.1,1,4,1,1,3
Kwadwo Duah,FW,Switzerland,26,1997,1.2,13,25,52.0,154,56,9,10,90.0,3,10,30.0,0,1,0.0,0,0.0,0.0,0.0,0,0,0,0,1
Martin Dúbravka,GK,Slovakia,35,1989,4.3,108,162,66.7,2735,1977,28,29,96.6,57,60,95.0,23,72,31.9,0,0.0,0.0,0.0,0,2,0,0,0
Ondrej Duda,MF,Slovakia,29,1994,3.5,138,170,81.2,2185,357,65,73,89.0,55,66,83.3,8,17,47.1,0,0.1,0.2,-0.1,3,10,0,0,9
Denzel Dumfries,DF,Netherlands,27,1996,5.0,220,271,81.2,3585,921,104,117,88.9,102,120,85.0,10,24,41.7,0,0.7,0.5,-0.7,5,14,4,3,19
Dávid Ďuriš,"FW,MF",Slovakia,24,1999,0.3,1,2,50.0,23,11,0,0,,1,1,100.0,0,0,,0,0.0,0.0,0.0,0,0,0,0,1
Lasha Dvali,DF,Georgia,28,1995,4.0,115,132,87.1,1896,787,53,57,93.0,51,57,89.5,7,11,63.6,0,0.0,0.0,0.0,0,6,0,0,8
Timi Elšnik,MF,Slovenia,25,1998,4.0,87,117,74.4,1603,527,36,43,83.7,41,54,75.9,10,17,58.8,1,0.5,0.4,+0.5,3,17,2,1,11
Breel Embolo,FW,Switzerland,26,1997,3.3,39,46,84.8,539,121,24,28,85.7,11,13,84.6,2,2,100.0,0,0.2,0.3,-0.2,2,2,2,0,6
Christian Eriksen,"MF,FW",Denmark,31,1992,3.9,159,215,74.0,2480,763,90,103,87.4,43,59,72.9,16,33,48.5,0,0.8,1.1,-0.8,16,10,2,0,17
Eberechi Eze,"DF,MF",England,25,1998,1.1,30,40,75.0,518,84,13,18,72.2,13,15,86.7,3,5,60.0,0,0.0,0.0,0.0,0,1,0,0,1
Wout Faes,DF,Belgium,25,1998,4.0,255,290,87.9,4410,1350,108,116,93.1,129,137,94.2,15,29,51.7,0,0.0,0.1,0.0,0,14,2,0,9
Nicolò Fagioli,MF,Italy,22,2001,1.1,87,104,83.7,1406,244,36,40,90.0,42,49,85.7,6,11,54.5,0,0.0,0.1,0.0,1,8,1,0,6
João Félix,"MF,FW",Portugal,24,1999,1.2,67,77,87.0,1020,232,42,45,93.3,20,22,90.9,4,8,50.0,0,0.4,0.3,-0.4,4,3,3,1,6
Bruno Fernandes,MF,Portugal,29,1994,4.2,221,297,74.4,4021,1096,94,111,84.7,102,123,82.9,24,53,45.3,0,0.8,1.1,-0.8,8,27,9,3,39
Attila Fiola,DF,Hungary,33,1990,2.0,57,73,78.1,1074,521,22,28,78.6,28,33,84.8,7,12,58.3,0,0.0,0.0,0.0,1,4,0,0,3
Phil Foden,"FW,MF",England,23,2000,6.9,310,368,84.2,4338,539,196,209,93.8,82,98,83.7,17,37,45.9,0,0.5,0.4,-0.5,6,21,5,1,22
Youssouf Fofana,MF,France,25,1999,0.5,25,29,86.2,448,111,11,13,84.6,12,13,92.3,2,2,100.0,0,0.0,0.1,0.0,0,0,1,0,2
Michael Folorunsho,FW,Italy,25,1998,0.0,0,2,0.0,0,0,0,0,,0,2,0.0,0,0,,0,0.0,0.0,0.0,0,0,0,0,0
Przemysław Frankowski,DF,Poland,28,1995,3.0,92,125,73.6,1415,695,60,65,92.3,25,34,73.5,7,17,41.2,0,0.4,0.3,-0.4,4,6,2,2,11
Davide Frattesi,MF,Italy,24,1999,2.1,44,60,73.3,519,107,29,34,85.3,9,11,81.8,1,2,50.0,0,0.0,0.0,0.0,0,2,1,1,4
Remo Freuler,MF,Switzerland,31,1992,5.1,204,233,87.6,2692,691,135,147,91.8,63,73,86.3,2,2,100.0,2,0.6,0.8,+1.4,3,23,2,0,22
Jeremie Frimpong,FW,Netherlands,23,2000,1.0,21,25,84.0,307,29,12,13,92.3,9,10,90.0,0,1,0.0,0,0.1,0.0,-0.1,1,0,2,0,2
Chris Führich,FW,Germany,26,1998,0.2,13,14,92.9,200,48,7,8,87.5,6,6,100.0,0,0,,0,0.0,0.1,0.0,0,1,1,0,2
Niclas Füllkrug,FW,Germany,30,1993,1.8,25,37,67.6,266,70,20,26,76.9,4,8,50.0,0,0,,0,0.6,0.6,-0.6,7,2,1,0,4
Mijat Gaćinović,DF,Serbia,28,1995,0.5,16,24,66.7,346,41,5,6,83.3,6,10,60.0,5,8,62.5,0,0.0,0.0,0.0,0,1,0,0,0
Cody Gakpo,FW,Netherlands,24,1999,5.8,93,133,69.9,1379,418,46,61,75.4,36,45,80.0,5,14,35.7,1,2.0,1.9,-1.0,12,3,9,4,11
Conor Gallagher,MF,England,23,2000,1.3,45,51,88.2,559,85,34,38,89.5,10,11,90.9,0,0,,0,0.0,0.0,0.0,0,3,0,0,1
Dániel Gazdag,MF,Hungary,27,1996,0.0,3,3,100.0,31,8,3,3,100.0,0,0,,0,0,,0,0.0,0.2,0.0,0,0,0,0,0
Lutsharel Geertruida,DF,Netherlands,23,2000,1.2,74,81,91.4,1229,354,36,38,94.7,34,37,91.9,2,3,66.7,0,0.1,0.1,-0.1,1,3,1,1,5
Billy Gilmour,MF,Scotland,22,2001,2.0,95,113,84.1,1403,288,51,57,89.5,35,40,87.5,4,6,66.7,0,0.0,0.0,0.0,0,5,0,0,7
Olivier Giroud,FW,France,37,1986,0.7,8,13,61.5,69,8,7,10,70.0,0,1,0.0,0,0,,0,0.0,0.1,0.0,2,0,0,0,0
Klaus Gjasula,MF,Albania,34,1989,0.2,7,11,63.6,98,53,4,6,66.7,3,4,75.0,0,0,,0,0.0,0.0,0.0,0,0,1,0,3
Adam Gnezda Čerin,MF,Slovenia,24,1999,4.3,127,164,77.4,2135,610,57,63,90.5,59,73,80.8,10,24,41.7,0,0.0,0.1,0.0,2,6,0,0,11
Anthony Gordon,FW,England,22,2001,0.0,3,3,100.0,47,19,1,1,100.0,2,2,100.0,0,0,,0,0.0,0.0,0.0,1,1,0,0,1
Jon Gorenc Stanković,MF,Slovenia,28,1996,1.0,16,23,69.6,259,106,6,6,100.0,8,11,72.7,1,3,33.3,0,0.0,0.0,0.0,0,5,1,0,5
Michael Gregoritsch,FW,Austria,29,1994,1.4,23,32,71.9,303,73,16,23,69.6,5,6,83.3,2,2,100.0,0,0.0,0.1,0.0,0,3,1,1,3
Antoine Griezmann,"MF,FW",France,32,1991,4.4,151,194,77.8,2490,638,76,84,90.5,52,70,74.3,16,27,59.3,0,0.3,0.6,-0.3,9,18,9,2,24
Florian Grillitsch,MF,Austria,28,1995,2.2,135,162,83.3,2457,519,60,68,88.2,61,67,91.0,13,19,68.4,1,0.1,0.2,+0.9,1,22,2,0,22
Álex Grimaldo,DF,Spain,28,1995,1.3,88,102,86.3,1205,312,57,59,96.6,23,29,79.3,5,11,45.5,0,0.6,0.5,-0.6,7,3,7,5,6
Pascal Groß,MF,Germany,32,1991,0.5,65,69,94.2,1012,231,35,35,100.0,27,28,96.4,2,4,50.0,0,0.0,0.1,0.0,0,8,1,0,5
Kamil Grosicki,MF,Poland,35,1988,0.2,1,5,20.0,24,0,0,2,0.0,1,2,50.0,0,1,0.0,0,0.0,0.0,0.0,0,0,0,0,0
Nemanja Gudelj,MF,Serbia,32,1991,1.0,61,64,95.3,990,275,28,30,93.3,25,25,100.0,6,7,85.7,0,0.0,0.0,0.0,0,2,0,0,7
Marc Guéhi,DF,England,23,2000,6.3,419,448,93.5,7252,2148,165,173,95.4,232,241,96.3,17,27,63.0,1,0.1,0.4,+0.9,1,18,0,0,18
Péter Gulácsi,GK,Hungary,33,1990,3.0,74,97,76.3,1948,1186,14,14,100.0,40,42,95.2,20,41,48.8,0,0.0,0.0,0.0,0,1,0,0,0
Arda Güler,"FW,MF",Türkiye,18,2005,3.8,162,197,82.2,2656,563,84,88,95.5,59,70,84.3,14,31,45.2,2,1.4,1.2,+0.6,8,12,4,2,20
İlkay Gündoğan,MF,Germany,33,1990,4.3,142,167,85.0,2113,493,78,87,89.7,48,57,84.2,10,12,83.3,1,0.2,0.9,+0.8,2,9,2,0,21
Angus Gunn,GK,Scotland,28,1996,3.0,72,117,61.5,2396,2074,20,20,100.0,21,21,100.0,31,76,40.8,0,0.0,0.0,0.0,0,3,0,0,0
Mert Günok,GK,Türkiye,34,1989,4.0,83,129,64.3,2579,1794,7,7,100.0,47,47,100.0,29,74,39.2,0,0.0,0.0,0.0,0,2,0,0,0
Joško Gvardiol,DF,Croatia,22,2002,3.0,144,158,91.1,2267,468,78,82,95.1,53,57,93.0,11,15,73.3,0,0.0,0.2,0.0,0,17,3,0,15
Giorgi Gwelesiani,DF,Georgia,32,1991,1.8,26,36,72.2,387,147,16,17,94.1,6,10,60.0,3,8,37.5,0,0.0,0.0,0.0,0,1,0,0,1
Norbert Gyömbér,DF,Slovakia,31,1992,0.4,35,36,97.2,639,273,13,13,100.0,20,20,100.0,1,2,50.0,0,0.1,0.2,-0.1,1,7,1,1,4
Ianis Hagi,MF,Romania,25,1998,2.1,41,67,61.2,522,89,33,38,86.8,7,14,50.0,1,11,9.1,0,0.1,0.1,-0.1,2,4,1,0,3
Dávid Hancko,DF,Slovakia,26,1997,4.1,134,188,71.3,1982,891,67,78,85.9,54,75,72.0,5,17,29.4,0,0.0,0.1,0.0,1,11,3,1,20
Grant Hanley,DF,Scotland,32,1991,2.5,112,136,82.4,1785,659,52,57,91.2,52,63,82.5,5,12,41.7,0,0.1,0.1,-0.1,1,2,0,0,4
Lukáš Haraslín,FW,Slovakia,27,1996,2.9,50,71,70.4,654,226,31,33,93.9,13,21,61.9,3,9,33.3,1,0.6,0.7,+0.4,7,0,2,1,2
Kai Havertz,"FW,MF",Germany,24,1999,4.3,95,116,81.9,1150,213,59,67,88.1,26,31,83.9,1,1,100.0,1,0.3,0.5,+0.7,2,1,4,0,11
Jack Hendry,DF,Scotland,28,1995,2.9,105,131,80.2,1968,738,39,45,86.7,55,66,83.3,10,16,62.5,0,0.0,0.0,0.0,0,9,0,0,6
Benjamin Henrichs,DF,Germany,26,1997,0.1,4,5,80.0,93,83,1,2,50.0,2,2,100.0,1,1,100.0,0,0.0,0.0,0.0,0,0,0,0,2
Theo Hernández,DF,France,26,1997,6.3,354,394,89.8,4830,1490,227,236,96.2,115,125,92.0,6,17,35.3,0,1.0,0.9,-1.0,6,29,3,1,38
Morten Hjulmand,MF,Denmark,24,1999,2.7,192,217,88.5,2595,552,125,137,91.2,51,55,92.7,6,9,66.7,0,0.1,0.2,-0.1,4,11,0,0,18
Adam Hložek,MF,Czechia,21,2002,1.2,15,16,93.8,205,56,10,11,90.9,4,4,100.0,1,1,100.0,0,0.0,0.1,0.0,0,1,0,0,1
Tomáš Holeš,DF,Czechia,30,1993,3.0,92,121,76.0,1900,750,28,30,93.3,53,61,86.9,10,26,38.5,0,0.0,0.1,0.0,1,12,2,2,8
Arbër Hoxha,"FW,MF",Albania,25,1998,0.6,15,21,71.4,182,46,13,16,81.3,1,1,100.0,1,1,100.0,0,0.0,0.1,0.0,1,0,1,0,1
Robin Hranáč,DF,Czechia,24,2000,3.0,74,86,86.0,1491,625,20,21,95.2,46,52,88.5,8,13,61.5,1,0.5,0.0,+0.5,2,13,0,0,8
Elseid Hysaj,DF,Albania,29,1994,2.0,48,59,81.4,846,315,23,25,92.0,17,21,81.0,8,12,66.7,0,0.1,0.2,-0.1,2,3,0,0,5
Pierre Højbjerg,MF,Denmark,28,1995,3.9,268,302,88.7,4206,1212,145,157,92.4,93,101,92.1,21,31,67.7,0,0.3,0.4,-0.3,4,27,6,1,33
Rasmus Højlund,FW,Denmark,20,2003,3.2,43,55,78.2,452,47,26,30,86.7,8,10,80.0,0,1,0.0,0,0.1,0.1,-0.1,4,0,2,0,3
Ivan Ilić,MF,Serbia,22,2001,2.2,139,149,93.3,2344,577,63,70,90.0,61,63,96.8,11,12,91.7,1,0.3,0.3,+0.7,3,13,1,1,13
Josip Iličić,"FW,MF",Slovenia,36,1988,0.3,7,11,63.6,109,29,4,6,66.7,3,4,75.0,0,0,,0,0.0,0.0,0.0,0,1,0,0,0
Gonçalo Inácio,DF,Portugal,22,2001,1.3,134,150,89.3,2012,716,74,80,92.5,58,63,92.1,2,5,40.0,0,0.0,0.1,0.0,0,35,0,0,25
Luka Ivanušec,MF,Croatia,25,1998,0.2,7,11,63.6,81,29,4,5,80.0,2,3,66.7,0,1,0.0,0,0.0,0.0,0.0,0,0,0,0,0
Erik Janža,DF,Slovenia,30,1993,3.0,77,114,67.5,1537,607,25,32,78.1,41,50,82.0,10,27,37.0,0,0.6,0.9,-0.6,3,6,1,0,11
Jorginho,MF,Italy,32,1991,2.4,217,238,91.2,3165,754,121,131,92.4,72,77,93.5,15,21,71.4,0,0.0,0.2,0.0,1,12,7,0,18
Joselu,FW,Spain,33,1990,1.0,15,18,83.3,208,3,7,9,77.8,4,5,80.0,2,2,100.0,0,0.0,0.0,0.0,0,0,0,0,0
Diogo Jota,"FW,MF",Portugal,27,1996,1.1,24,35,68.6,350,78,15,20,75.0,8,11,72.7,1,3,33.3,0,0.3,0.2,-0.3,3,1,2,0,2
Luka Jović,"MF,FW",Serbia,26,1997,1.1,14,19,73.7,233,10,5,7,71.4,8,8,100.0,0,2,0.0,0,0.0,0.0,0.0,1,1,0,0,1
Josip Juranović,DF,Croatia,28,1995,1.0,53,65,81.5,860,247,32,37,86.5,16,20,80.0,5,6,83.3,0,0.2,0.4,-0.2,2,3,4,3,3
David Jurásek,DF,Czechia,23,2000,1.8,45,75,60.0,813,269,25,29,86.2,14,23,60.9,6,19,31.6,0,0.4,0.2,-0.4,3,3,4,3,2
Matěj Jurásek,"DF,MF",Czechia,20,2003,0.5,13,26,50.0,201,89,7,8,87.5,4,10,40.0,1,6,16.7,0,0.0,0.1,0.0,1,0,2,0,2
Ferdi Kadioglu,"DF,MF",Türkiye,24,1999,5.0,239,277,86.3,3681,989,126,137,92.0,93,109,85.3,15,20,75.0,0,0.9,0.4,-0.9,12,17,6,2,24
İrfan Kahveci,FW,Türkiye,28,1995,0.1,0,0,,0,0,0,0,,0,0,,0,0,,0,0.0,0.0,0.0,0,0,0,0,0
Otar Kakabadze,"DF,MF",Georgia,28,1995,4.0,124,171,72.5,2058,903,65,81,80.2,37,50,74.0,13,22,59.1,0,0.6,0.3,-0.6,2,4,4,1,12
Harry Kane,FW,England,30,1993,6.7,71,104,68.3,1483,418,27,37,73.0,28,36,77.8,12,17,70.6,0,0.3,0.2,-0.3,5,6,7,1,18
N'Golo Kanté,MF,France,32,1991,5.7,289,325,88.9,4395,1268,154,167,92.2,116,123,94.3,12,16,75.0,0,1.4,1.2,-1.4,10,41,8,1,44
Žan Karničnik,DF,Slovenia,29,1994,4.3,143,190,75.3,2416,974,65,77,84.4,60,68,88.2,14,31,45.2,0,0.0,0.0,0.0,0,9,1,0,7
Guram Kashia,DF,Georgia,36,1987,4.0,93,114,81.6,1862,792,23,27,85.2,64,72,88.9,5,14,35.7,0,0.0,0.0,0.0,0,2,1,0,2
Milos Kerkez,DF,Hungary,20,2003,2.6,47,77,61.0,715,166,26,37,70.3,18,26,69.2,3,9,33.3,0,0.1,0.0,-0.1,1,2,1,1,5
Semih Kılıçsoy,FW,Türkiye,18,2005,0.0,1,1,100.0,22,16,0,0,,1,1,100.0,0,0,,0,0.0,0.0,0.0,0,0,0,0,0
Joshua Kimmich,DF,Germany,28,1995,5.3,363,409,88.8,5675,1565,202,212,95.3,141,160,88.1,15,26,57.7,2,1.4,1.5,+0.6,15,28,16,6,39
Otar Kiteishvili,MF,Georgia,27,1996,1.4,45,53,84.9,632,245,22,26,84.6,18,21,85.7,2,3,66.7,0,0.0,0.0,0.0,1,2,1,0,2
Jakub Kiwior,DF,Poland,23,2000,3.0,127,153,83.0,1993,970,67,74,90.5,51,59,86.4,5,11,45.5,0,0.2,0.2,-0.2,3,7,0,0,4
László Kleinheisler,MF,Hungary,29,1994,0.6,16,17,94.1,258,18,7,8,87.5,7,7,100.0,1,1,100.0,0,0.0,0.0,0.0,0,0,0,0,2
Giorgi Kochorashvili,MF,Georgia,24,1999,4.0,159,176,90.3,2711,997,73,79,92.4,59,65,90.8,18,20,90.0,1,0.4,0.3,+0.6,2,11,2,0,18
Orkun Kökçü,MF,Türkiye,23,2000,2.5,94,123,76.4,1316,371,56,65,86.2,31,42,73.8,3,9,33.3,2,1.1,0.1,+0.9,4,11,2,1,11
Randal Kolo Muani,FW,France,25,1998,2.2,27,38,71.1,393,89,19,26,73.1,4,5,80.0,2,2,100.0,0,0.0,0.1,0.0,1,2,0,0,2
Yukhym Konoplia,DF,Ukraine,24,1999,0.8,32,42,76.2,544,137,14,17,82.4,17,21,81.0,1,4,25.0,0,0.0,0.0,0.0,0,2,0,0,3
Ezri Konsa,DF,England,26,1997,1.0,48,50,96.0,769,131,21,21,100.0,24,25,96.0,3,4,75.0,0,0.0,0.0,0.0,0,1,0,0,2
Filip Kostić,DF,Serbia,31,1992,0.5,8,15,53.3,129,13,2,3,66.7,4,7,57.1,1,4,25.0,0,0.0,0.0,0.0,0,0,0,0,0
Jules Koundé,DF,France,25,1998,6.3,332,392,84.7,5255,1737,187,207,90.3,128,147,87.1,14,25,56.0,0,0.9,0.9,-0.9,11,25,9,3,36
Mateo Kovačić,MF,Croatia,29,1994,2.5,156,168,92.9,2341,505,88,91,96.7,60,63,95.2,5,9,55.6,0,0.1,0.7,-0.1,4,19,2,0,11
Matej Kovar,GK,Czechia,23,2000,0.4,9,18,50.0,405,342,0,0,,2,2,100.0,7,16,43.8,0,0.0,0.0,0.0,0,2,0,0,0
Andrej Kramarić,FW,Croatia,32,1991,2.7,71,89,79.8,998,114,50,55,90.9,17,24,70.8,3,7,42.9,0,0.2,0.2,-0.2,6,1,3,1,7
Ladislav Krejčí,DF,Czechia,24,1999,3.0,122,143,85.3,2356,698,40,45,88.9,71,79,89.9,11,19,57.9,0,0.0,0.1,0.0,2,14,2,0,19
Toni Kroos,MF,Germany,34,1990,5.2,498,551,90.4,8494,3543,243,249,97.6,189,202,93.6,52,82,63.4,0,0.8,1.2,-0.8,15,74,6,1,67
Jan Kuchta,FW,Czechia,27,1997,1.1,11,15,73.3,172,53,5,8,62.5,6,7,85.7,0,0,,0,0.0,0.0,0.0,0,1,0,0,3
Juraj Kucka,MF,Slovakia,36,1987,3.9,93,123,75.6,1168,262,63,70,90.0,21,28,75.0,3,12,25.0,1,0.5,0.3,+0.5,4,6,4,2,6
Jasmin Kurtić,FW,Slovenia,35,1989,0.0,0,0,,0,0,0,0,,0,0,,0,0,,0,0.0,0.0,0.0,0,0,0,0,0
Khvicha Kvaratskhelia,FW,Georgia,22,2001,3.8,68,86,79.1,903,221,44,47,93.6,19,20,95.0,2,14,14.3,0,0.6,0.5,-0.6,8,3,5,1,10
Nika Kvekveskiri,MF,Georgia,31,1992,0.1,13,15,86.7,165,52,9,10,90.0,4,5,80.0,0,0,,0,0.0,0.0,0.0,0,0,0,0,0
Giorgi Kvilitaia,FW,Georgia,30,1993,0.0,2,3,66.7,10,0,1,2,50.0,0,0,,0,0,,0,0.0,0.0,0.0,0,0,0,0,0
Saba Kvirkvelia,DF,Georgia,31,1992,2.0,52,61,85.2,962,375,21,23,91.3,27,29,93.1,4,8,50.0,0,0.0,0.0,0.0,0,3,0,0,5
Qazim Laçi,"MF,FW",Albania,28,1996,1.8,36,52,69.2,557,93,20,26,76.9,8,10,80.0,6,11,54.5,0,0.1,0.0,-0.1,3,2,2,1,4
Konrad Laimer,"MF,FW",Austria,26,1997,3.0,107,126,84.9,1690,502,52,57,91.2,48,53,90.6,3,3,100.0,0,0.0,0.1,0.0,1,14,1,0,17
Ádám Lang,DF,Hungary,31,1993,0.5,13,19,68.4,208,121,7,9,77.8,5,8,62.5,1,2,50.0,0,0.0,0.0,0.0,0,1,0,0,2
Aymeric Laporte,DF,Spain,29,1994,5.8,446,483,92.3,7994,2382,182,188,96.8,230,243,94.7,32,45,71.1,0,0.1,0.2,-0.1,2,56,3,1,46
Robin Le Normand,DF,Spain,27,1996,4.9,320,344,93.0,5848,1705,102,107,95.3,203,210,96.7,14,25,56.0,0,0.0,0.1,0.0,1,31,0,0,19
Rafael Leão,FW,Portugal,24,1999,3.2,85,112,75.9,1257,312,52,63,82.5,31,40,77.5,2,4,50.0,0,0.5,0.4,-0.5,5,9,6,3,13
Robert Lewandowski,FW,Poland,35,1988,1.3,19,23,82.6,276,46,12,12,100.0,4,6,66.7,2,4,50.0,0,0.1,0.1,-0.1,1,0,1,0,2
Philipp Lienhart,DF,Austria,27,1996,2.4,113,125,90.4,2347,693,28,32,87.5,59,62,95.2,20,23,87.0,0,0.0,0.0,0.0,0,14,0,0,8
Ondřej Lingr,"MF,FW",Czechia,25,1998,0.9,21,27,77.8,265,62,13,13,100.0,6,8,75.0,0,2,0.0,0,0.0,0.0,0.0,0,0,0,0,2
Dominik Livaković,GK,Croatia,29,1995,3.0,69,93,74.2,1660,1191,24,24,100.0,30,30,100.0,15,39,38.5,0,0.0,0.0,0.0,0,0,0,0,0
Stanislav Lobotka,MF,Slovakia,29,1994,4.3,228,243,93.8,3561,1007,132,140,94.3,77,82,93.9,15,16,93.8,0,0.1,0.1,-0.1,4,22,1,0,17
Saba Lobzhanidze,FW,Georgia,29,1994,0.1,0,1,0.0,0,0,0,1,0.0,0,0,,0,0,,0,0.0,0.0,0.0,0,0,0,0,0
Luka Lochoshvili,"DF,MF",Georgia,25,1998,1.9,41,57,71.9,604,203,23,26,88.5,15,20,75.0,1,6,16.7,0,0.0,0.0,0.0,0,2,0,0,1
Fermin López,MF,Spain,20,2003,0.3,8,10,80.0,148,61,5,6,83.3,1,1,100.0,2,2,100.0,0,0.0,0.0,0.0,0,0,0,0,1
Romelu Lukaku,FW,Belgium,30,1993,4.0,38,57,66.7,425,88,27,36,75.0,4,8,50.0,3,5,60.0,1,0.2,0.3,+0.8,5,0,2,0,3
Dodi Lukebakio,"FW,DF",Belgium,26,1997,0.7,24,30,80.0,329,48,15,18,83.3,8,9,88.9,0,1,0.0,0,0.1,0.1,-0.1,2,0,0,0,1
Saša Lukić,MF,Serbia,27,1996,2.3,142,150,94.7,2326,438,63,65,96.9,70,73,95.9,6,9,66.7,0,0.0,0.1,0.0,0,7,1,0,5
Andriy Lunin,GK,Ukraine,24,1999,1.0,23,24,95.8,402,311,8,8,100.0,14,15,93.3,1,1,100.0,0,0.0,0.0,0.0,0,0,0,0,0
Mike Maignan,GK,France,28,1995,6.3,136,167,81.4,3153,1905,22,22,100.0,87,87,100.0,27,56,48.2,0,0.0,0.0,0.0,0,1,0,0,0
Kobbie Mainoo,MF,England,18,2005,4.1,183,203,90.1,2624,412,112,116,96.6,52,61,85.2,9,11,81.8,0,0.0,0.5,0.0,3,15,4,0,13
Lovro Majer,"FW,MF",Croatia,26,1998,1.6,92,101,91.1,1338,288,57,59,96.6,25,27,92.6,6,6,100.0,0,0.3,0.4,-0.3,3,4,4,1,11
Donyell Malen,FW,Netherlands,25,1999,2.1,40,56,71.4,540,115,24,28,85.7,9,14,64.3,3,4,75.0,0,0.2,0.2,-0.2,4,3,3,1,7
Ruslan Malinovskyi,MF,Ukraine,30,1993,0.4,24,28,85.7,491,155,10,11,90.9,10,10,100.0,4,7,57.1,0,0.3,0.1,-0.3,2,2,0,0,4
Giorgi Mamardashvili,GK,Georgia,23,2000,4.0,66,124,53.2,2102,1566,13,13,100.0,26,26,100.0,27,85,31.8,0,0.0,0.0,0.0,0,1,0,0,0
Dennis Man,MF,Romania,25,1998,3.0,51,83,61.4,744,195,36,47,76.6,12,20,60.0,3,8,37.5,2,1.0,0.7,+1.0,4,2,3,1,5
Rey Manaj,FW,Albania,26,1997,1.7,17,28,60.7,220,9,12,19,63.2,4,5,80.0,1,1,100.0,0,0.0,0.0,0.0,0,0,0,0,0
Gianluca Mancini,DF,Italy,27,1996,1.0,60,66,90.9,904,270,32,33,97.0,25,28,89.3,2,4,50.0,0,0.0,0.0,0.0,0,5,0,0,0
Orel Mangala,MF,Belgium,25,1998,1.5,68,70,97.1,973,193,41,41,100.0,24,25,96.0,1,1,100.0,0,0.2,0.1,-0.2,2,3,2,0,6
Marius Marin,MF,Romania,25,1998,3.4,80,99,80.8,1310,415,37,44,84.1,35,38,92.1,5,13,38.5,0,0.2,0.3,-0.2,1,8,1,1,6
Răzvan Marin,MF,Romania,27,1996,3.9,86,109,78.9,1480,497,40,46,87.0,36,41,87.8,7,17,41.2,0,0.1,0.4,-0.1,2,10,1,0,11
Ádám Martin,"FW,DF",Hungary,29,1994,0.5,10,17,58.8,123,8,7,9,77.8,3,7,42.9,0,0,,0,0.1,0.0,-0.1,1,0,0,0,0
Mykola Matviyenko,DF,Ukraine,27,1996,3.0,212,231,91.8,4139,1466,70,73,95.9,120,121,99.2,22,32,68.8,0,0.2,0.3,-0.2,4,18,0,0,11
Kylian Mbappé,FW,France,25,1998,5.2,158,182,86.8,2456,531,96,104,92.3,45,52,86.5,14,15,93.3,1,0.7,1.0,+0.3,3,13,10,1,27
John McGinn,"MF,FW",Scotland,29,1994,2.6,28,45,62.2,354,68,14,17,82.4,10,15,66.7,0,5,0.0,0,0.0,0.1,0.0,0,1,1,0,4
Callum McGregor,MF,Scotland,30,1993,2.7,108,119,90.8,1698,233,49,55,89.1,51,53,96.2,3,3,100.0,1,0.1,0.1,+0.9,2,5,1,0,5
Scott McKenna,DF,Scotland,27,1996,1.5,75,93,80.6,1261,290,36,40,90.0,36,42,85.7,2,6,33.3,0,0.0,0.1,0.0,0,2,0,0,1
Kenny McLean,MF,Scotland,32,1992,0.5,19,26,73.1,325,84,7,10,70.0,9,12,75.0,2,3,66.7,0,0.0,0.0,0.0,0,1,1,0,2
Scott McTominay,MF,Scotland,27,1996,3.0,42,62,67.7,747,243,21,31,67.7,16,20,80.0,5,8,62.5,0,0.1,0.4,-0.1,2,2,1,0,4
Anzor Mekvabishvili,MF,Georgia,22,2001,2.1,76,91,83.5,1298,425,36,41,87.8,32,34,94.1,5,9,55.6,0,0.0,0.1,0.0,0,6,0,0,8
Memphis,"FW,MF",Netherlands,29,1994,5.1,113,163,69.3,1811,572,58,67,86.6,33,44,75.0,16,32,50.0,1,1.2,1.2,-0.2,11,12,5,1,13
Nuno Mendes,DF,Portugal,21,2002,4.7,322,365,88.2,5173,1597,173,187,92.5,133,144,92.4,16,31,51.6,0,0.0,0.1,0.0,3,36,2,1,31
Mikel Merino,"MF,FW",Spain,27,1996,2.0,107,131,81.7,1473,396,67,76,88.2,34,38,89.5,3,6,50.0,0,0.4,0.4,-0.4,4,13,2,0,17
Valentin Mihaila,MF,Romania,23,2000,1.3,21,27,77.8,337,85,14,17,82.4,3,5,60.0,4,5,80.0,0,0.0,0.0,0.0,0,2,1,0,2
Srđan Mijailović,DF,Serbia,30,1993,0.8,14,25,56.0,291,48,4,6,66.7,8,13,61.5,2,5,40.0,0,0.0,0.0,0.0,0,0,1,1,0
Georges Mikautadze,FW,Georgia,23,2000,3.8,55,70,78.6,821,198,33,36,91.7,11,14,78.6,6,10,60.0,1,0.5,0.1,+0.5,5,6,2,1,7
Nikola Milenković,DF,Serbia,26,1997,3.0,212,227,93.4,3843,1318,79,82,96.3,117,121,96.7,15,23,65.2,0,0.0,0.0,0.0,1,5,0,0,9
Sergej Milinković-Savić,MF,Serbia,28,1995,1.3,63,76,82.9,1111,251,26,32,81.3,24,28,85.7,10,11,90.9,0,0.1,0.2,-0.1,2,6,3,2,7
Mario Mitaj,DF,Albania,20,2003,3.0,127,147,86.4,1744,851,76,84,90.5,46,51,90.2,4,7,57.1,0,0.0,0.0,0.0,0,3,1,0,6
Aleksandar Mitrović,FW,Serbia,29,1994,2.7,38,53,71.7,471,40,26,32,81.3,9,13,69.2,1,2,50.0,0,0.0,0.0,0.0,0,3,1,0,2
Maximilian Mittelstädt,DF,Germany,26,1997,3.4,182,217,83.9,2757,686,110,118,93.2,56,67,83.6,12,21,57.1,1,0.4,0.7,+0.6,4,9,8,6,10
Filip Mladenović,DF,Serbia,32,1991,1.2,44,61,72.1,551,115,27,29,93.1,12,18,66.7,1,5,20.0,0,0.0,0.0,0.0,1,1,0,0,2
Jan Mlakar,MF,Slovenia,25,1998,3.3,37,62,59.7,572,139,22,30,73.3,14,23,60.9,1,7,14.3,0,0.0,0.1,0.0,1,1,2,1,6
Jakub Moder,MF,Poland,24,1999,2.0,94,119,79.0,1306,433,55,60,91.7,35,45,77.8,2,7,28.6,0,0.0,0.1,0.0,0,5,1,0,8
Luka Modrić,MF,Croatia,38,1985,2.6,190,221,86.0,2855,812,109,113,96.5,69,80,86.3,7,17,41.2,0,0.6,0.4,-0.6,3,34,3,0,21
Vasile Mogos,DF,Romania,31,1992,0.4,6,6,100.0,79,50,4,4,100.0,2,2,100.0,0,0,,0,0.0,0.0,0.0,0,1,0,0,1
Álvaro Morata,FW,Spain,31,1992,5.0,78,110,70.9,1027,172,54,71,76.1,16,22,72.7,3,5,60.0,1,0.5,0.5,+0.5,5,7,3,1,6
Lewis Morgan,DF,Scotland,27,1996,0.0,1,2,50.0,9,0,1,1,100.0,0,0,,0,0,,0,0.0,0.0,0.0,0,0,0,0,0
Ernest Muçi,FW,Albania,22,2001,0.2,7,9,77.8,96,14,3,5,60.0,3,3,100.0,0,0,,0,0.0,0.0,0.0,0,0,0,0,0
Mykhailo Mudryk,"FW,MF",Ukraine,23,2001,1.9,36,52,69.2,623,274,19,24,79.2,10,19,52.6,7,8,87.5,0,0.4,0.9,-0.4,5,1,4,1,7
Mert Müldür,"DF,MF",Türkiye,24,1999,3.8,130,167,77.8,1853,598,75,87,86.2,46,59,78.0,4,12,33.3,0,0.0,0.1,0.0,1,11,4,0,12
Thomas Müller,"MF,FW",Germany,34,1989,0.6,20,32,62.5,328,86,10,15,66.7,6,10,60.0,2,4,50.0,1,0.3,0.3,+0.7,3,0,2,1,3
Jamal Musiala,FW,Germany,20,2003,4.7,148,168,88.1,1790,389,104,116,89.7,32,34,94.1,3,5,60.0,0,0.2,0.6,-0.2,5,11,8,0,22
Phillipp Mwene,DF,Austria,30,1994,2.2,91,109,83.5,1422,400,44,45,97.8,42,47,89.4,3,12,25.0,1,0.1,0.4,+0.9,2,5,3,2,7
Vitaliy Mykolenko,DF,Ukraine,24,1999,0.6,14,19,73.7,268,98,7,7,100.0,5,6,83.3,2,4,50.0,0,0.1,0.1,-0.1,2,2,2,2,1
Joakim Mæhle,"DF,MF",Denmark,26,1997,3.1,129,157,82.2,1807,530,83,89,93.3,37,48,77.1,6,13,46.2,0,0.4,0.2,-0.4,3,5,3,1,10
Nacho,DF,Spain,34,1990,2.9,127,135,94.1,2088,905,61,63,96.8,61,65,93.8,4,5,80.0,0,0.0,0.0,0.0,1,9,0,0,6
Ádám Nagy,MF,Hungary,28,1995,1.8,59,74,79.7,930,381,35,41,85.4,16,20,80.0,6,9,66.7,0,0.0,0.0,0.0,0,4,0,0,8
Zsolt Nagy,DF,Hungary,30,1993,0.2,4,8,50.0,59,32,2,2,100.0,1,2,50.0,0,2,0.0,0,0.0,0.0,0.0,0,0,0,0,1
Jesús Navas,DF,Spain,38,1985,1.7,56,71,78.9,967,137,22,25,88.0,24,28,85.7,6,11,54.5,0,0.2,0.3,-0.2,2,2,1,1,0
Dan Ndoye,"MF,DF",Switzerland,23,2000,4.5,84,108,77.8,1228,198,48,54,88.9,31,39,79.5,2,6,33.3,0,0.1,0.2,-0.1,3,1,3,0,9
Pedro Neto,"DF,FW",Portugal,23,2000,1.3,70,89,78.7,1024,201,46,55,83.6,20,26,76.9,4,8,50.0,0,0.0,0.1,0.0,1,4,3,2,5
Manuel Neuer,GK,Germany,37,1986,5.3,123,145,84.8,2900,1815,34,34,100.0,59,61,96.7,30,50,60.0,0,0.0,0.0,0.0,0,1,0,0,0
João Neves,MF,Portugal,19,2004,0.9,68,74,91.9,1004,216,42,45,93.3,20,21,95.2,3,3,100.0,0,0.0,0.1,0.0,0,8,0,0,8
Rúben Neves,MF,Portugal,26,1997,1.4,100,117,85.5,1769,534,44,47,93.6,47,54,87.0,9,16,56.3,0,0.1,0.4,-0.1,1,16,1,0,12
Florin Niță,GK,Romania,36,1987,4.0,87,148,58.8,2948,2293,13,14,92.9,28,28,100.0,46,106,43.4,0,0.0,0.0,0.0,0,1,0,0,0
Matheus Nunes,MF,Portugal,25,1998,0.2,16,18,88.9,241,32,11,11,100.0,4,4,100.0,1,3,33.3,0,0.0,0.0,0.0,1,1,1,0,1
Christian Nørgaard,MF,Denmark,29,1994,0.4,34,42,81.0,475,124,23,27,85.2,11,12,91.7,0,2,0.0,0,0.0,0.1,0.0,1,5,1,0,3
Adam Obert,DF,Slovakia,21,2002,0.3,22,27,81.5,337,131,10,12,83.3,12,12,100.0,0,2,0.0,0,0.0,0.0,0.0,0,0,1,0,5
Jan Oblak,GK,Slovenia,31,1993,4.3,79,128,61.7,2772,2182,14,14,100.0,23,23,100.0,42,91,46.2,0,0.0,0.0,0.0,0,4,0,0,0
Darius Olaru,MF,Romania,25,1998,0.3,14,17,82.4,206,64,10,11,90.9,3,5,60.0,1,1,100.0,0,0.0,0.0,0.0,0,1,1,0,3
Dani Olmo,"MF,FW",Spain,25,1998,4.8,151,186,81.2,2323,536,80,93,86.0,51,61,83.6,12,17,70.6,2,1.3,1.3,+0.7,11,13,9,2,21
Amadou Onana,MF,Belgium,22,2001,4.0,216,240,90.0,3428,640,103,111,92.8,96,103,93.2,10,15,66.7,0,0.0,0.1,0.0,1,16,3,0,17
Loïs Openda,FW,Belgium,23,2000,0.8,3,7,42.9,50,10,1,4,25.0,0,1,0.0,1,1,100.0,0,0.0,0.0,0.0,1,0,1,0,1
Willi Orban,DF,Hungary,31,1992,3.0,118,138,85.5,2475,948,24,29,82.8,81,84,96.4,12,20,60.0,0,0.1,0.1,-0.1,2,2,1,0,7
Mikel Oyarzabal,FW,Spain,26,1997,2.2,58,63,92.1,748,175,34,36,94.4,16,18,88.9,2,3,66.7,1,0.6,0.1,+0.4,4,2,1,0,9
Salih Özcan,MF,Türkiye,26,1998,1.7,57,71,80.3,871,182,27,32,84.4,22,26,84.6,4,6,66.7,0,0.0,0.0,0.0,0,5,0,0,3
João Palhinha,MF,Portugal,28,1995,3.3,166,188,88.3,3180,903,75,85,88.2,70,76,92.1,21,25,84.0,0,0.1,0.1,-0.1,1,17,2,0,23
Cole Palmer,"MF,FW",England,21,2002,1.7,59,79,74.7,972,296,29,33,87.9,26,36,72.2,3,7,42.9,1,0.1,0.4,+0.9,2,6,7,0,16
Mario Pašalić,"FW,MF",Croatia,28,1995,1.3,34,40,85.0,426,86,22,24,91.7,9,10,90.0,1,2,50.0,0,0.0,0.1,0.0,0,1,1,0,5
Strahinja Pavlović,DF,Serbia,22,2001,3.0,137,180,76.1,1963,553,74,82,90.2,50,62,80.6,5,18,27.8,0,0.1,0.1,-0.1,1,11,2,1,13
Pedri,MF,Spain,21,2002,2.1,80,89,89.9,1089,248,51,56,91.1,19,20,95.0,5,6,83.3,1,0.8,0.5,+0.2,10,9,2,0,10
Peter Pekarík,DF,Slovakia,37,1986,4.2,107,121,88.4,1611,389,64,68,94.1,38,40,95.0,4,7,57.1,0,0.2,0.2,-0.2,3,9,2,1,10
Lorenzo Pellegrini,"FW,MF",Italy,27,1996,2.4,91,107,85.0,1345,243,46,51,90.2,35,40,87.5,4,7,57.1,1,0.5,0.3,+0.5,5,9,3,1,8
Patrick Pentz,GK,Austria,27,1997,4.0,120,148,81.1,2934,2031,31,31,100.0,55,56,98.2,33,60,55.0,0,0.0,0.0,0.0,0,1,0,0,1
Pepe,DF,Portugal,40,1983,4.5,379,405,93.6,6791,2285,145,151,96.0,210,222,94.6,23,29,79.3,0,0.0,0.1,0.0,1,12,0,0,17
Danilo Pereira,DF,Portugal,32,1991,1.0,83,87,95.4,1602,642,21,24,87.5,57,58,98.3,5,5,100.0,0,0.0,0.0,0.0,0,11,0,0,5
Ayoze Pérez,FW,Spain,30,1993,0.1,3,3,100.0,47,15,0,0,,3,3,100.0,0,0,,0,0.0,0.0,0.0,0,1,0,0,1
Ivan Perišić,"DF,FW",Croatia,34,1989,1.5,44,63,69.8,688,254,29,32,90.6,12,19,63.2,3,10,30.0,0,0.4,1.2,-0.4,3,1,6,4,4
Bruno Petković,FW,Croatia,29,1994,1.0,16,20,80.0,230,34,9,11,81.8,3,4,75.0,2,2,100.0,0,0.1,0.1,-0.1,2,1,1,0,4
Krzysztof Piątek,FW,Poland,28,1995,0.7,6,10,60.0,74,1,4,6,66.7,1,3,33.3,0,0,,0,0.0,0.0,0.0,0,0,0,0,0
Jordan Pickford,GK,England,29,1994,7.7,229,307,74.6,6281,4454,51,51,100.0,109,109,100.0,68,146,46.6,0,0.0,0.1,0.0,0,7,1,0,1
Jakub Piotrowski,MF,Poland,26,1997,0.6,16,24,66.7,242,49,9,13,69.2,6,7,85.7,0,0,,0,0.2,0.4,-0.2,1,0,0,0,1
Marin Pongračić,DF,Croatia,26,1997,2.0,113,124,91.1,2226,715,34,40,85.0,66,68,97.1,10,13,76.9,0,0.0,0.0,0.0,0,3,0,0,3
Ryan Porteous,DF,Scotland,24,1999,0.5,19,25,76.0,356,184,5,6,83.3,11,14,78.6,2,4,50.0,0,0.0,0.0,0.0,0,1,0,0,0
Stefan Posch,DF,Austria,26,1997,4.0,159,215,74.0,2719,1010,70,83,84.3,72,79,91.1,14,36,38.9,1,1.8,1.2,-0.8,7,7,11,5,18
Yussuf Poulsen,"FW,MF",Denmark,29,1994,0.6,12,20,60.0,128,3,7,9,77.8,4,8,50.0,0,1,0.0,0,0.0,0.0,0.0,1,0,0,0,1
Alexander Prass,DF,Austria,22,2001,1.8,72,95,75.8,1295,470,34,39,87.2,28,36,77.8,8,14,57.1,1,0.4,0.2,+0.6,2,7,4,3,7
Lukáš Provod,MF,Czechia,27,1996,2.6,70,87,80.5,1099,267,35,41,85.4,33,38,86.8,1,2,50.0,0,0.3,0.1,-0.3,2,8,1,0,3
George Pușcaș,FW,Romania,27,1996,0.4,4,13,30.8,45,0,3,6,50.0,1,3,33.3,0,0,,0,0.0,0.0,0.0,0,0,0,0,0
Leopold Querfeld,DF,Austria,20,2003,0.3,7,9,77.8,131,47,2,2,100.0,3,4,75.0,1,2,50.0,0,0.0,0.0,0.0,0,1,0,0,0
Adrien Rabiot,MF,France,28,1995,4.1,216,236,91.5,3031,826,138,146,94.5,63,66,95.5,9,14,64.3,0,0.4,0.7,-0.4,9,29,2,1,28
Bogdan Racovitan,DF,Romania,23,2000,0.6,23,25,92.0,397,160,13,13,100.0,8,8,100.0,2,4,50.0,0,0.0,0.0,0.0,0,2,0,0,1
Predrag Rajković,GK,Serbia,28,1995,3.0,68,103,66.0,1742,1155,20,20,100.0,31,31,100.0,17,51,33.3,0,0.0,0.0,0.0,0,1,0,0,0
Anthony Ralston,DF,Scotland,25,1998,2.9,67,95,70.5,1128,273,37,41,90.2,20,29,69.0,8,12,66.7,0,0.1,0.1,-0.1,2,2,2,2,4
Ylber Ramadani,MF,Albania,27,1996,2.9,94,103,91.3,1570,362,43,47,91.5,42,44,95.5,6,9,66.7,0,0.0,0.0,0.0,1,4,0,0,4
Gonçalo Ramos,FW,Portugal,22,2001,0.3,1,1,100.0,7,0,1,1,100.0,0,0,,0,0,,0,0.0,0.0,0.0,0,0,0,0,0
Giacomo Raspadori,FW,Italy,23,2000,0.9,36,49,73.5,629,227,17,17,100.0,11,16,68.8,7,13,53.8,0,0.4,0.4,-0.4,4,4,2,0,9
Andrei Ratiu,DF,Romania,25,1998,4.0,97,117,82.9,1441,567,56,68,82.4,34,38,89.5,6,9,66.7,0,0.0,0.1,0.0,2,5,1,0,8
David Raum,DF,Germany,25,1998,1.8,75,99,75.8,1098,370,47,53,88.7,22,29,75.9,4,9,44.4,1,1.1,0.7,-0.1,4,6,3,3,8
David Raya,GK,Spain,28,1995,1.0,36,42,85.7,789,519,14,14,100.0,15,15,100.0,7,12,58.3,0,0.0,0.0,0.0,0,0,0,0,0
Tijjani Reijnders,MF,Netherlands,25,1998,5.5,246,265,92.8,3916,984,127,133,95.5,98,102,96.1,15,19,78.9,0,0.6,0.8,-0.6,2,28,8,0,32
Mateo Retegui,FW,Italy,24,1999,1.7,10,19,52.6,127,16,6,12,50.0,4,5,80.0,0,0,,0,0.0,0.0,0.0,0,0,1,0,1
Declan Rice,MF,England,25,1999,7.7,484,530,91.3,8074,1922,228,242,94.2,203,217,93.5,38,44,86.4,1,0.1,0.5,+0.9,4,48,5,3,39
Fabian Rieder,MF,Switzerland,21,2002,2.4,62,89,69.7,993,359,33,40,82.5,24,36,66.7,4,10,40.0,0,0.3,0.4,-0.3,3,7,2,0,10
Andrew Robertson,DF,Scotland,29,1994,3.0,91,120,75.8,1469,446,44,47,93.6,40,50,80.0,4,14,28.6,0,0.3,0.5,-0.3,4,4,2,1,8
Rodri,MF,Spain,27,1996,5.8,408,439,92.9,7062,1631,177,192,92.2,192,199,96.5,31,35,88.6,0,0.3,0.5,-0.3,6,38,2,0,40
Ricardo Rodríguez,DF,Switzerland,31,1992,5.3,214,250,85.6,3443,1081,124,128,96.9,63,75,84.0,22,38,57.9,0,0.2,0.3,-0.2,2,26,4,2,17
Taras Romanchuk,MF,Poland,32,1991,0.6,11,14,78.6,128,12,8,8,100.0,3,4,75.0,0,0,,0,0.0,0.0,0.0,0,0,0,0,0
Cristiano Ronaldo,FW,Portugal,38,1985,5.4,86,104,82.7,1084,129,64,72,88.9,16,18,88.9,2,5,40.0,1,1.2,0.5,-0.2,6,4,3,1,5
Antonio Rüdiger,DF,Germany,30,1993,5.3,372,409,91.0,6532,2422,166,169,98.2,174,181,96.1,29,51,56.9,0,0.6,1.1,-0.6,4,43,9,3,35
Fabián Ruiz Peña,MF,Spain,27,1996,6.0,392,442,88.7,6390,1488,197,214,92.1,153,166,92.2,30,39,76.9,2,1.0,0.7,+1.0,10,46,6,0,47
Adrian Rus,MF,Romania,27,1996,0.2,1,6,16.7,15,8,1,4,25.0,0,2,0.0,0,0,,0,0.0,0.0,0.0,0,1,0,0,1
Marcel Sabitzer,"FW,MF",Austria,29,1994,4.0,110,170,64.7,1563,433,66,77,85.7,29,50,58.0,9,29,31.0,0,0.8,0.9,-0.8,6,6,1,0,12
Bukayo Saka,"FW,DF",England,22,2001,7.0,222,265,83.8,3144,693,137,147,93.2,70,81,86.4,10,20,50.0,0,0.4,0.8,-0.4,8,10,14,4,25
Bartosz Salamon,DF,Poland,32,1991,0.9,28,33,84.8,430,106,14,15,93.3,13,14,92.9,0,3,0.0,0,0.0,0.0,0.0,0,0,0,0,0
William Saliba,DF,France,22,2001,6.3,346,360,96.1,5962,2052,147,154,95.5,170,174,97.7,24,27,88.9,0,0.0,0.1,0.0,1,10,0,0,15
Roland Sallai,MF,Hungary,26,1997,3.0,61,79,77.2,901,259,32,36,88.9,19,28,67.9,5,7,71.4,1,1.0,0.5,0.0,4,5,3,2,5
Lazar Samardzic,MF,Serbia,21,2002,0.6,16,21,76.2,320,52,10,10,100.0,2,5,40.0,4,6,66.7,0,0.0,0.0,0.0,0,1,0,0,1
Leroy Sané,FW,Germany,28,1996,2.3,57,68,83.8,674,80,41,47,87.2,11,12,91.7,1,1,100.0,0,0.1,0.2,-0.1,2,0,5,0,7
Leo Sauer,FW,Slovakia,18,2005,0.1,0,1,0.0,0,0,0,0,,0,1,0.0,0,0,,0,0.0,0.0,0.0,0,0,0,0,0
Gianluca Scamacca,FW,Italy,25,1999,2.8,32,51,62.7,449,60,21,27,77.8,8,19,42.1,2,2,100.0,0,0.2,0.1,-0.2,3,1,0,0,3
András Schäfer,MF,Hungary,24,1999,3.0,117,135,86.7,1732,486,64,70,91.4,47,55,85.5,3,6,50.0,0,0.0,0.0,0.0,0,7,1,0,14
Fabian Schär,DF,Switzerland,32,1991,5.3,211,255,82.7,4460,1828,92,97,94.8,82,91,90.1,37,60,61.7,0,0.1,0.1,-0.1,3,20,4,2,12
Patrik Schick,FW,Czechia,28,1996,1.4,21,33,63.6,262,61,14,19,73.7,4,6,66.7,1,2,50.0,0,0.1,0.1,-0.1,2,1,0,0,1
Nico Schlotterbeck,DF,Germany,24,1999,1.3,79,87,90.8,1286,649,37,40,92.5,35,36,97.2,5,8,62.5,1,0.4,0.0,+0.6,2,8,0,0,1
Kasper Schmeichel,GK,Denmark,37,1986,4.0,90,112,80.4,2476,1765,18,18,100.0,45,45,100.0,26,48,54.2,0,0.0,0.0,0.0,0,2,0,0,0
Romano Schmid,"FW,MF",Austria,24,2000,1.6,56,73,76.7,825,169,34,35,97.1,15,23,65.2,4,8,50.0,0,0.7,0.8,-0.7,3,1,3,0,5
Jerdy Schouten,MF,Netherlands,27,1997,5.6,302,328,92.1,4830,1359,144,156,92.3,137,145,94.5,14,16,87.5,0,0.1,0.6,-0.1,3,33,2,1,39
Ivan Schranz,FW,Slovakia,30,1993,3.7,62,86,72.1,809,275,43,49,87.8,12,20,60.0,3,7,42.9,0,0.3,0.3,-0.3,3,6,2,0,6
Taulant Seferi,FW,Albania,27,1996,1.0,17,26,65.4,227,68,8,14,57.1,8,10,80.0,0,1,0.0,0,0.1,0.1,-0.1,1,0,0,0,3
Nicolas Seiwald,MF,Austria,22,2001,4.0,205,235,87.2,3411,1082,95,103,92.2,94,103,91.3,13,20,65.0,0,0.6,0.6,-0.6,7,27,3,0,23
Nélson Semedo,DF,Portugal,30,1993,1.1,50,56,89.3,698,120,32,33,97.0,17,20,85.0,1,1,100.0,0,0.0,0.0,0.0,0,3,0,0,4
Benjamin Šeško,FW,Slovenia,20,2003,4.0,43,71,60.6,566,116,25,39,64.1,16,20,80.0,0,1,0.0,0,0.1,0.0,-0.1,2,9,0,0,7
Petr Ševčík,MF,Czechia,29,1994,0.2,20,26,76.9,281,47,12,14,85.7,7,9,77.8,0,1,0.0,0,0.0,0.1,0.0,0,5,0,0,3
Stephan El Shaarawy,FW,Italy,31,1992,0.5,8,10,80.0,86,0,5,6,83.3,2,2,100.0,0,1,0.0,0,0.0,0.0,0.0,0,0,0,0,0
Lawrence Shankland,FW,Scotland,28,1995,0.3,5,11,45.5,110,45,2,6,33.3,2,2,100.0,1,1,100.0,0,0.0,0.1,0.0,1,0,2,1,2
Mykola Shaparenko,MF,Ukraine,25,1998,2.4,111,129,86.0,1991,496,44,48,91.7,58,63,92.1,8,13,61.5,1,0.2,0.4,+0.8,2,15,2,0,18
Xherdan Shaqiri,"MF,FW",Switzerland,32,1991,0.8,26,38,68.4,401,111,15,18,83.3,10,11,90.9,1,8,12.5,0,0.0,0.0,0.0,1,0,0,0,3
Luke Shaw,DF,England,28,1995,2.0,76,87,87.4,1283,299,39,41,95.1,30,33,90.9,6,10,60.0,0,0.1,0.2,-0.1,1,6,1,1,7
Vincent Sierro,MF,Switzerland,28,1995,0.4,15,25,60.0,182,39,9,12,75.0,4,9,44.4,0,2,0.0,0,0.0,0.0,0.0,0,1,0,0,2
António Silva,DF,Portugal,20,2003,0.8,59,66,89.4,970,318,26,28,92.9,33,38,86.8,0,0,,0,0.1,0.1,-0.1,1,14,0,0,10
Bernardo Silva,"FW,MF",Portugal,29,1994,4.7,239,267,89.5,3439,695,160,170,94.1,67,73,91.8,10,17,58.8,0,0.6,0.7,-0.6,10,9,7,1,28
Unai Simón,GK,Spain,26,1997,6.3,191,245,78.0,4925,3640,34,34,100.0,102,104,98.1,54,104,51.9,0,0.0,0.0,0.0,0,1,0,0,0
Xavi Simons,"MF,FW",Netherlands,20,2003,5.0,152,184,82.6,2248,510,84,97,86.6,52,59,88.1,7,12,58.3,3,1.0,0.4,+2.0,12,18,7,0,28
Michał Skóraś,DF,Poland,23,2000,0.3,6,9,66.7,98,45,2,4,50.0,4,4,100.0,0,0,,0,0.0,0.0,0.0,0,1,0,0,1
Łukasz Skorupski,GK,Poland,32,1991,1.0,24,29,82.8,578,463,9,9,100.0,9,9,100.0,6,11,54.5,0,0.0,0.0,0.0,0,0,0,0,0
Andreas Skov Olsen,"MF,FW",Denmark,24,1999,1.4,30,38,78.9,444,80,16,19,84.2,11,12,91.7,2,4,50.0,0,0.4,0.2,-0.4,1,1,0,0,3
Milan Škriniar,DF,Slovakia,28,1995,4.3,257,282,91.1,4543,1583,111,113,98.2,123,130,94.6,16,30,53.3,0,0.1,0.1,-0.1,2,13,0,0,21
Bartosz Slisz,MF,Poland,24,1999,1.2,35,43,81.4,490,113,19,24,79.2,16,18,88.9,0,1,0.0,0,0.1,0.0,-0.1,2,6,0,0,5
Yann Sommer,GK,Switzerland,35,1988,5.3,138,167,82.6,2997,1816,35,35,100.0,76,76,100.0,27,55,49.1,0,0.0,0.0,0.0,0,0,0,0,0
Deian Sorescu,"MF,DF",Romania,26,1997,0.4,12,16,75.0,162,74,8,8,100.0,4,8,50.0,0,0,,0,0.0,0.0,0.0,0,0,0,0,0
Borna Sosa,DF,Croatia,26,1998,0.1,1,2,50.0,8,6,1,1,100.0,0,0,,0,1,0.0,0,0.0,0.0,0.0,0,0,0,0,0
Tomáš Souček,MF,Czechia,28,1995,3.0,74,94,78.7,1257,299,41,50,82.0,25,33,75.8,8,11,72.7,0,1.0,0.4,-1.0,6,12,1,0,11
Andraž Šporar,FW,Slovenia,29,1994,3.8,46,69,66.7,650,97,27,36,75.0,16,23,69.6,2,3,66.7,0,0.8,0.2,-0.8,8,5,1,1,3
Nicolae Stanciu,"MF,FW",Romania,30,1993,3.9,83,113,73.5,1416,405,46,54,85.2,26,32,81.3,9,19,47.4,0,0.3,0.4,-0.3,5,9,4,3,10
Jindřich Staněk,GK,Czechia,27,1996,2.6,48,75,64.0,1547,1240,13,13,100.0,14,14,100.0,21,48,43.8,0,0.0,0.0,0.0,0,0,0,0,0
Josip Stanišić,DF,Croatia,23,2000,2.0,109,133,82.0,1621,334,61,66,92.4,39,45,86.7,6,14,42.9,0,0.0,0.1,0.0,1,4,2,1,8
Renato Steffen,DF,Switzerland,32,1991,0.0,2,2,100.0,31,0,1,1,100.0,1,1,100.0,0,0,,0,0.0,0.0,0.0,0,0,0,0,0
Taras Stepanenko,MF,Ukraine,34,1989,0.9,63,74,85.1,991,189,31,35,88.6,29,35,82.9,2,3,66.7,0,0.0,0.0,0.0,0,2,0,0,5
Leonidas Stergiou,DF,Switzerland,21,2002,0.5,6,11,54.5,99,62,2,3,66.7,4,5,80.0,0,0,,0,0.0,0.0,0.0,0,0,0,0,0
Petar Stojanović,MF,Slovenia,28,1995,3.5,78,107,72.9,1318,341,41,50,82.0,28,35,80.0,8,15,53.3,0,0.2,0.2,-0.2,3,7,2,1,11
John Stones,DF,England,29,1994,7.7,525,559,93.9,9796,2812,200,210,95.2,261,266,98.1,57,73,78.1,0,0.0,0.1,0.0,1,30,0,0,21
Thomas Strakosha,GK,Albania,28,1995,3.0,65,93,69.9,2217,1760,11,11,100.0,25,26,96.2,29,55,52.7,0,0.0,0.0,0.0,0,0,0,0,0
Dávid Strelec,FW,Slovakia,22,2001,2.0,27,42,64.3,302,61,16,25,64.0,7,11,63.6,0,0,,1,0.8,0.7,+0.2,3,2,1,0,2
Callum Styles,MF,Hungary,23,2000,0.7,21,27,77.8,379,193,9,9,100.0,9,11,81.8,2,5,40.0,0,0.0,0.0,0.0,1,1,0,0,2
Luka Sučić,"FW,MF",Croatia,21,2002,1.6,77,84,91.7,1257,238,39,41,95.1,32,35,91.4,5,5,100.0,0,0.4,0.2,-0.4,3,7,3,1,7
Heorhiy Sudakov,MF,Ukraine,21,2002,2.9,100,120,83.3,1833,549,45,50,90.0,43,51,84.3,11,15,73.3,0,0.2,0.2,-0.2,4,12,3,0,15
Pavel Šulc,MF,Czechia,23,2000,0.9,12,16,75.0,136,30,6,6,100.0,4,4,100.0,0,0,,0,0.0,0.0,0.0,0,1,0,0,0
Tomáš Suslov,"FW,MF",Slovakia,21,2002,1.4,38,54,70.4,621,153,21,26,80.8,11,11,100.0,4,9,44.4,0,0.1,0.3,-0.1,3,3,4,3,6
Josip Šutalo,DF,Croatia,23,2000,3.0,191,199,96.0,3221,938,82,85,96.5,97,101,96.0,11,12,91.7,0,0.0,0.0,0.0,0,7,0,0,10
Oleksandr Svatok,DF,Ukraine,29,1994,0.9,24,25,96.0,356,116,15,16,93.8,9,9,100.0,0,0,,0,0.0,0.0,0.0,0,2,0,0,3
Karol Świderski,FW,Poland,27,1997,1.0,11,16,68.8,172,49,4,6,66.7,6,9,66.7,1,1,100.0,0,0.6,0.3,-0.6,2,0,1,1,0
Serhiy Sydorchuk,MF,Ukraine,32,1991,0.1,1,2,50.0,18,19,0,0,,1,1,100.0,0,1,0.0,0,0.0,0.0,0.0,0,0,0,0,0
Attila Szalai,DF,Hungary,26,1998,1.1,48,59,81.4,883,371,23,24,95.8,14,18,77.8,9,14,64.3,0,0.0,0.0,0.0,0,3,0,0,8
Wojciech Szczęsny,GK,Poland,33,1990,2.0,42,66,63.6,1064,724,7,7,100.0,24,25,96.0,11,34,32.4,0,0.0,0.0,0.0,0,1,0,0,0
Dominik Szoboszlai,MF,Hungary,23,2000,3.0,110,149,73.8,2076,574,60,66,90.9,32,40,80.0,16,33,48.5,1,1.2,0.8,-0.2,7,6,3,1,8
Sebastian Szymański,MF,Poland,24,1999,1.2,30,37,81.1,414,136,16,18,88.9,10,13,76.9,2,3,66.7,0,0.0,0.0,0.0,1,4,0,0,8
Dušan Tadić,MF,Serbia,35,1988,1.7,65,87,74.7,943,269,43,48,89.6,11,13,84.6,6,16,37.5,0,0.6,0.7,-0.6,4,4,4,2,4
Jonathan Tah,DF,Germany,27,1996,3.5,266,282,94.3,4312,1437,121,124,97.6,138,146,94.5,5,9,55.6,0,0.1,0.1,-0.1,2,23,0,0,15
Maksym Talovierov,MF,Ukraine,23,2000,0.0,1,1,100.0,6,0,1,1,100.0,0,0,,0,0,,0,0.0,0.0,0.0,0,0,0,0,0
Aurélien Tchouaméni,MF,France,24,2000,5.2,355,381,93.2,6679,2154,159,166,95.8,150,157,95.5,44,51,86.3,0,0.2,0.3,-0.2,6,70,3,3,56
Arthur Theate,DF,Belgium,23,2000,2.8,169,197,85.8,2910,925,71,76,93.4,85,94,90.4,11,23,47.8,0,0.0,0.1,0.0,2,17,0,0,9
Marcus Thuram,FW,France,26,1997,2.9,45,53,84.9,514,97,33,39,84.6,10,10,100.0,0,0,,0,0.1,0.4,-0.1,1,3,3,0,6
Youri Tielemans,MF,Belgium,26,1997,1.6,96,112,85.7,1829,540,43,43,100.0,41,50,82.0,11,14,78.6,0,0.0,0.1,0.0,1,10,1,0,15
Kieran Tierney,DF,Scotland,26,1997,1.5,69,92,75.0,1267,500,28,29,96.6,31,36,86.1,8,18,44.4,0,0.0,0.0,0.0,0,3,0,0,3
Ivan Toney,FW,England,27,1996,0.5,8,15,53.3,105,21,5,10,50.0,3,4,75.0,0,0,,1,0.2,0.1,+0.8,1,0,0,0,0
Ferrán Torres,"FW,MF",Spain,23,2000,1.7,34,46,73.9,559,86,22,23,95.7,6,10,60.0,5,9,55.6,0,0.1,0.8,-0.1,1,0,3,1,2
Cenk Tosun,FW,Türkiye,32,1991,0.3,2,4,50.0,17,0,1,2,50.0,0,0,,0,1,0.0,0,0.0,0.0,0.0,0,0,0,0,0
Gernot Trauner,DF,Austria,31,1992,1.0,74,78,94.9,1281,451,33,34,97.1,34,34,100.0,5,6,83.3,0,0.0,0.0,0.0,0,10,0,0,8
Kieran Trippier,DF,England,33,1990,5.0,313,357,87.7,4856,1439,156,166,94.0,124,136,91.2,20,34,58.8,0,0.8,0.5,-0.8,9,22,8,3,29
Leandro Trossard,FW,Belgium,29,1994,1.9,55,70,78.6,926,181,29,34,85.3,19,22,86.4,5,6,83.3,0,0.1,0.5,-0.1,3,6,2,1,5
Anatolii Trubin,GK,Ukraine,22,2001,2.0,55,70,78.6,1334,986,6,6,100.0,38,38,100.0,11,25,44.0,0,0.0,0.0,0.0,0,0,0,0,0
Heorhii Tsitaishvili,"DF,MF",Georgia,23,2000,2.1,47,68,69.1,693,117,22,28,78.6,18,24,75.0,2,10,20.0,0,0.1,0.1,-0.1,1,0,1,0,3
Viktor Tsyhankov,FW,Ukraine,26,1997,0.7,25,32,78.1,341,43,15,16,93.8,9,12,75.0,1,3,33.3,0,0.0,0.0,0.0,0,1,0,0,1
Ľubomír Tupta,MF,Slovakia,25,1998,0.1,4,4,100.0,38,0,3,3,100.0,1,1,100.0,0,0,,0,0.0,0.0,0.0,0,0,0,0,0
Oleksandr Tymchyk,DF,Ukraine,27,1997,2.2,66,83,79.5,1179,302,30,33,90.9,30,37,81.1,5,9,55.6,0,0.0,0.1,0.0,1,4,1,1,7
Deniz Undav,MF,Germany,27,1996,0.1,1,2,50.0,16,0,0,0,,1,1,100.0,0,1,0.0,0,0.0,0.0,0.0,0,0,0,0,0
Dayot Upamecano,DF,France,25,1998,6.3,339,371,91.4,6523,2010,113,119,95.0,188,196,95.9,34,48,70.8,0,0.1,0.1,-0.1,3,28,0,0,28
Kacper Urbanski,"FW,MF",Poland,19,2004,1.6,41,49,83.7,528,114,28,30,93.3,8,12,66.7,2,2,100.0,0,0.1,0.2,-0.1,2,6,1,0,3
Virgil van Dijk,DF,Netherlands,32,1991,6.0,356,394,90.4,6467,2661,154,162,95.1,162,175,92.6,37,52,71.2,0,0.1,0.1,-0.1,3,19,2,0,20
Vladyslav Vanat,FW,Ukraine,22,2002,0.2,1,2,50.0,11,0,1,2,50.0,0,0,,0,0,,0,0.0,0.0,0.0,0,0,0,0,0
Barnabás Varga,FW,Hungary,30,1994,2.8,27,54,50.0,371,119,19,36,52.8,5,10,50.0,2,3,66.7,0,0.1,0.0,-0.1,1,4,1,0,7
Ruben Vargas,"MF,FW",Switzerland,25,1998,3.4,88,118,74.6,1309,309,51,57,89.5,30,39,76.9,4,12,33.3,1,1.1,0.6,-0.1,7,5,4,0,12
Denis Vavro,DF,Slovakia,27,1996,4.3,213,264,80.7,4366,1412,70,78,89.7,116,128,90.6,26,53,49.1,0,0.0,0.1,0.0,0,11,1,0,15
Joey Veerman,MF,Netherlands,25,1998,2.3,131,167,78.4,2327,676,53,63,84.1,62,67,92.5,14,30,46.7,0,0.3,0.4,-0.3,6,17,3,1,17
Miloš Veljković,DF,Serbia,28,1995,3.0,206,226,91.2,3799,1169,83,85,97.6,103,113,91.2,18,26,69.2,0,0.0,0.1,0.0,0,23,2,0,27
Micky van de Ven,DF,Netherlands,22,2001,0.8,33,43,76.7,541,158,17,19,89.5,14,20,70.0,1,1,100.0,0,0.0,0.0,0.0,0,5,0,0,2
Benjamin Verbič,MF,Slovenia,30,1993,0.8,6,14,42.9,96,28,3,8,37.5,3,4,75.0,0,1,0.0,0,0.1,0.1,-0.1,1,1,1,0,1
Bart Verbruggen,GK,Netherlands,21,2002,6.0,177,209,84.7,4194,2949,51,51,100.0,85,85,100.0,41,73,56.2,0,0.0,0.0,0.0,0,4,0,0,0
Jan Vertonghen,DF,Belgium,36,1987,3.0,196,209,93.8,3823,1341,64,66,97.0,112,116,96.6,19,25,76.0,0,0.0,0.0,0.0,0,4,0,0,3
Jannik Vestergaard,DF,Denmark,31,1992,4.0,250,268,93.3,3838,1512,136,137,99.3,102,109,93.6,9,17,52.9,0,0.0,0.0,0.0,0,14,0,0,15
Žan Vipotnik,FW,Slovenia,21,2002,0.2,0,2,0.0,0,0,0,1,0.0,0,1,0.0,0,0,,0,0.0,0.0,0.0,0,0,0,0,0
Vitinha,MF,Portugal,23,2000,4.0,294,323,91.0,4987,1098,142,147,96.6,133,139,95.7,17,29,58.6,0,0.1,0.3,-0.1,3,32,3,1,28
Daniel Vivian,DF,Spain,24,1999,1.4,101,109,92.7,1955,728,32,32,100.0,60,63,95.2,9,13,69.2,0,0.0,0.0,0.0,0,11,0,0,10
Dušan Vlahović,"MF,FW",Serbia,24,2000,2.0,15,27,55.6,257,37,8,14,57.1,4,6,66.7,3,4,75.0,0,0.0,0.0,0.0,0,0,0,0,2
Stefan de Vrij,DF,Netherlands,31,1992,6.0,381,416,91.6,6948,2287,129,138,93.5,224,239,93.7,24,33,72.7,0,0.0,0.2,0.0,0,35,2,0,26
Kyle Walker,DF,England,33,1990,7.7,490,554,88.4,8466,2435,221,234,94.4,214,239,89.5,47,60,78.3,0,0.1,0.2,-0.1,1,50,0,0,50
Ollie Watkins,FW,England,28,1995,0.7,4,5,80.0,51,1,3,4,75.0,1,1,100.0,0,0,,0,0.0,0.0,0.0,0,0,0,0,0
Wout Weghorst,FW,Netherlands,31,1992,1.5,22,31,71.0,226,52,17,18,94.4,2,7,28.6,1,1,100.0,1,0.3,0.2,+0.7,2,0,0,0,0
Andreas Weimann,FW,Austria,32,1991,0.0,0,1,0.0,0,0,0,1,0.0,0,0,,0,0,,0,0.0,0.0,0.0,0,0,0,0,0
Silvan Widmer,DF,Switzerland,30,1993,3.3,96,127,75.6,1441,345,54,61,88.5,37,48,77.1,3,12,25.0,0,0.0,0.1,0.0,1,2,0,0,3
Georginio Wijnaldum,MF,Netherlands,33,1990,0.8,10,16,62.5,148,32,5,6,83.3,5,6,83.3,0,0,,0,0.0,0.0,0.0,0,1,0,0,2
Nico Williams,FW,Spain,21,2002,5.5,179,220,81.4,2610,665,119,126,94.4,37,51,72.5,17,32,53.1,1,1.6,2.1,-0.6,13,4,15,4,21
Patrick Wimmer,"FW,MF",Austria,22,2001,1.5,32,48,66.7,512,180,16,20,80.0,9,12,75.0,4,9,44.4,0,0.1,0.1,-0.1,1,6,1,0,4
Jonas Wind,FW,Denmark,24,1999,2.1,62,77,80.5,706,91,46,56,82.1,11,12,91.7,1,3,33.3,1,0.8,0.3,+0.2,5,2,1,1,2
Florian Wirtz,"FW,MF",Germany,20,2003,3.1,168,190,88.4,2156,466,111,120,92.5,46,54,85.2,3,5,60.0,0,0.8,0.8,-0.8,7,8,3,0,20
Maximilian Wöber,DF,Austria,25,1998,1.9,101,118,85.6,1797,582,38,41,92.7,60,67,89.6,3,6,50.0,0,0.1,0.2,-0.1,2,8,2,2,7
Granit Xhaka,MF,Switzerland,31,1992,5.3,369,407,90.7,6085,1674,181,194,93.3,165,172,95.9,19,31,61.3,0,0.4,0.5,-0.4,8,56,4,0,36
Lamine Yamal,FW,Spain,16,2007,5.6,158,205,77.1,2252,625,100,112,89.3,45,59,76.3,7,16,43.8,4,2.8,2.0,+1.2,19,5,12,3,23
Roman Yaremchuk,FW,Ukraine,28,1995,1.3,23,30,76.7,272,44,16,18,88.9,5,5,100.0,0,2,0.0,0,0.1,0.1,-0.1,2,0,2,0,3
Andriy Yarmolenko,"FW,MF",Ukraine,34,1989,1.2,34,49,69.4,505,131,22,27,81.5,10,16,62.5,1,5,20.0,0,0.0,0.3,0.0,0,1,2,0,6
Yusuf Yazıcı,"MF,FW",Türkiye,27,1997,0.6,16,20,80.0,213,66,9,12,75.0,6,7,85.7,0,0,,0,0.0,0.0,0.0,0,3,0,0,3
Kenan Yıldız,"FW,MF",Türkiye,18,2005,3.8,92,110,83.6,1272,234,52,62,83.9,36,39,92.3,1,3,33.3,0,0.1,0.4,-0.1,1,3,2,0,6
Okay Yokuşlu,"MF,DF",Türkiye,29,1994,0.6,26,28,92.9,487,119,10,11,90.9,12,13,92.3,3,3,100.0,0,0.0,0.0,0.0,0,1,0,0,2
İsmail Yüksek,MF,Türkiye,25,1999,1.7,91,99,91.9,1562,458,47,48,97.9,32,37,86.5,9,10,90.0,1,0.1,0.1,+0.9,3,9,1,0,4
Illia Zabarnyi,DF,Ukraine,21,2002,3.0,172,200,86.0,3633,1194,48,50,96.0,108,115,93.9,16,33,48.5,0,0.1,0.0,-0.1,2,14,1,0,14
Mattia Zaccagni,"MF,FW",Italy,28,1995,0.9,30,38,78.9,434,72,17,19,89.5,10,14,71.4,2,4,50.0,0,0.4,0.1,-0.4,2,0,1,1,3
Denis Zakaria,MF,Switzerland,27,1996,0.3,7,7,100.0,91,2,5,5,100.0,2,2,100.0,0,0,,0,0.0,0.0,0.0,0,0,0,0,0
Nicola Zalewski,DF,Poland,22,2002,2.7,73,100,73.0,1017,359,45,51,88.2,23,27,85.2,3,11,27.3,0,0.1,0.1,-0.1,1,4,3,1,14
Piotr Zieliński,MF,Poland,29,1994,2.8,123,150,82.0,1715,680,70,77,90.9,36,41,87.8,10,18,55.6,1,0.4,0.4,+0.6,6,7,2,1,10
Oleksandr Zinchenko,DF,Ukraine,27,1996,2.4,137,161,85.1,2350,737,69,75,92.0,58,70,82.9,9,13,69.2,1,0.2,0.2,+0.8,2,10,2,0,11
Joshua Zirkzee,"FW,DF",Netherlands,22,2001,0.1,2,2,100.0,24,5,1,1,100.0,1,1,100.0,0,0,,0,0.0,0.0,0.0,0,0,0,0,0
Andrija Živković,DF,Serbia,27,1996,2.7,115,142,81.0,1892,612,59,62,95.2,43,52,82.7,10,15,66.7,0,0.7,0.6,-0.7,5,7,9,6,12
Budu Zivzivadze,"FW,MF",Georgia,29,1994,0.2,3,3,100.0,47,16,2,2,100.0,1,1,100.0,0,0,,0,0.0,0.0,0.0,0,0,0,0,1
Steven Zuber,MF,Switzerland,32,1991,0.9,32,35,91.4,512,202,22,23,95.7,7,7,100.0,3,3,100.0,0,0.0,0.0,0.0,1,3,2,1,2
Martín Zubimendi,MF,Spain,24,1999,1.6,108,117,92.3,1833,437,45,46,97.8,51,55,92.7,9,11,81.8,0,0.0,0.1,0.0,1,9,1,0,17
Oleksandr Zubkov,FW,Ukraine,27,1996,0.3,6,10,60.0,99,37,3,4,75.0,3,4,75.0,0,0,,0,0.0,0.0,0.0,0,1,1,0,2
